# z	coverage	line
-4.4365	0	Furakutaru
-4.2576	0.0233	Unasarete-e-e-e-e-e-e-e-e-e-e-e-e-eeEEE EEE
-4.1075	0	Nanananana
-4.0411	0	furakutaru
-4.0117	0.3333	And IIIIIIII
-3.9291	0	Unasarete-e-e-e-e-e-e-e-e-e-e-e-e-e-eee
-3.9193	0	Kurikaesu
-3.7806	0.0588	Furafura furafura
-3.7349	0.1667	?Ma-atte-ru?
-3.7251	0.125	Matteru?
-3.712	0	nanananana
-3.5975	0.0556	Kurukuru kurikaesu
-3.5821	0.0588	Kurukuru kurukuru
-3.5334	0.0588	furafura furafura
-3.48	0	kurikaesu
-3.4575	0.4118	Oh how IIIIIIIIII
-3.4294	0.0769	Y'a tellement d'inegalites
-3.4039	0.0741	Sur l'Interstate ninetyfive
-3.4029	0	Nanana
-3.3986	0	iiiiiiiiiIIIIIIIIIIiiiiiii
-3.3649	0.0556	kurukuru kurikaesu
-3.363	0.0625	Karamawaru souto
-3.3349	0.0588	kurukuru kurukuru
-3.3036	0.0667	Kawaru monokuro
-3.2899	0	iiiiiIIIIIiiii
-3.2511	0.2051	You get hypnotititititititititititititi
-3.2438	0.0625	Hikinuku kasetto
-3.1988	0	uuuuUUUUuuuu
-3.1988	0	uuuuuuuuUUUUUUUUuuuuuuuu
-3.1571	0	woooohooooOOOOoooo
-3.1442	0.2051	you get hypnotititititititititititititi
-3.1424	0	lafayette
-3.0994	0.0625	karamawaru souto
-3.0985	0.32	Nani mo kangaerarenai...!
-3.0947	0.0714	Owaranai roodo
-3.0211	0.0667	kawaru monokuro
-2.9813	0	Lieless
-2.9802	0.0625	hikinuku kasetto
-2.9679	0	Hoo-hoo-hoo
-2.9675	0.0556	alexander hamilton
-2.9599	0.0952	Susume domo darusenyo
-2.9187	0.1111	Il Bambin
-2.8993	0.0769	sur linterstate ninetyfive
-2.8784	0	matteru
-2.8743	0.1364	Dans cette hypocrisie?
-2.8468	0.1667	La surabondance surgelee
-2.8077	0.0385	Haaaaaardware stoooooooore
-2.8042	0.1071	Demain soir ch't'a Montmagny
-2.8011	0.5385	!Kill pUrIty!
-2.7905	0.0714	owaranai roodo
-2.7853	0.125	J'ai toute l'Amerique qui pleure
-2.7832	0.1852	Not goooing baaAAAAAAAaaack
-2.7693	0.0625	Moyashi tsukushi
-2.7675	0.0833	Aa aa aaaaaaaaaaaaaaaaaa
-2.7656	0.1176	J'vois toute l'Amerique qui pleure
-2.7625	0.1154	Boku wa nigerarenai naraba
-2.7524	0.1111	Hidoku meikai amaku yugande
-2.7518	0.0952	susume domo darusenyo
-2.7461	0.0769	Kono mayonaka
-2.7438	0	nanana
-2.7412	0.1212	Susumedo susumedo kawari nai nara
-2.7359	0	Yeeeah
-2.7254	0	hamilton
-2.6872	0.037	Awoooooooooooooooo ahawoooo
-2.6828	0.2273	Nani mo kangaerarenai.
-2.6671	0.1667	la surabondance surgelee
-2.6495	0.0385	haaaaaardware stoooooooore
-2.6413	0.5714	!Leave sAnIty!
-2.6364	0.12	Maboroshi ga tsuki nukete
-2.608	0.0769	Pourquoi travailler autant
-2.6071	0.1111	Biss ara tittawwal
-2.6049	0.1212	susumedo susumedo kawari nai nara
-2.5927	0.0909	Hajr inroddulek lulied
-2.5906	0.1154	boku wa nigerarenai naraba
-2.5884	0.3125	Aa, tobira o ake
-2.5878	0.0833	aa aa aaaaaaaaaaaaaaaaaa
-2.5877	0.1111	hidoku meikai amaku yugande
-2.5869	0.1176	Oshi komu risetto
-2.5405	0	uWooouououooo
-2.5351	0.037	awoooooooooooooooo ahawoooo
-2.5349	1	Asphyxiated
-2.5295	0	Wooooooohooooooo
-2.5214	0.1795	J'me d'mande des fois c'que-j' fous ici
-2.5172	0.0952	dans cette hypocrisie
-2.5061	0.1176	Mada kienai mirai
-2.5057	0.0625	moyashi tsukushi
-2.4781	0.1	Dans mon retroviseur
-2.4772	0.125	Tada todokanai kuro wo mitsukeru
-2.4674	0.1667	Kurai, kono mienai sekai
-2.4569	0.4444	Matsu yo.
-2.4567	0.12	maboroshi ga tsuki nukete
-2.4433	0.0769	pourquoi travailler autant
-2.4166	0.0769	kono mayonaka
-2.4164	0	lieless
-2.4093	0.1143	Kieku nipprova ninbidel insir hanin
-2.4033	0.1481	Illum lahhar Jum il Missier
-2.3953	0.3226	Y'a pu' tellement d'amour, yeah
-2.395	0.0909	hajr inroddulek lulied
-2.3915	0.0833	Buuury iiiit
-2.3802	0.1333	aragau imi nado
-2.3723	1	Forevermore
-2.3704	0.1481	Tous les exces d'mon epoque
-2.36	0.1111	biss ara tittawwal
-2.3516	0.3077	Shootee, suremballee, yeah
-2.336	0.125	tada todokanai kuro wo mitsukeru
-2.3323	0	Uoooooo
-2.3232	0.1176	oshi komu risetto
-2.316	0.0714	Muuurder iiiit
-2.3151	0.1765	Tada te ni iretai
-2.315	0.1905	nani mo kangaerarenai
-2.304	0.2308	Eloigne de ceux que j'aime
-2.3009	0.1304	Biex nerga nsibek vicin
-2.287	1	Ah
-2.286	0.1667	ya tellement dinegalites
-2.2827	1	Yeah, I, I, I
-2.2824	0	wooooooohooooooo
-2.2823	0.2333	Nemuri takute mo anata ga utau
-2.2817	0.1143	kieku nipprova ninbidel insir hanin
-2.2784	0	woooohoooooooooooo
-2.2656	0.1333	Nixtieq Missier insib il kliem
-2.2642	0.1154	Illum ghal ftit nessejniek
-2.2638	0	Buuuuuuuuurn
-2.261	0.1176	tetsu kusai sanso
-2.2601	0.1667	Kono toki wa
-2.2584	0.1	dans mon retroviseur
-2.2582	0	Oooooooh
-2.2531	0.125	Mayoi komu meiro
-2.2425	0.1176	mada kienai mirai
-2.238	0.2667	Ouais, n'empeche que moi aussi
-2.2363	0	uwooouououooo
-2.2311	0.381	Deguchi wa mada nano?
-2.2303	0.25	Ochiteta zakuro de ue o shinoida
-2.2239	1	Lafayette!
-2.2165	0.1957	Kif hija ghannqek rajtek tingibed lura blugigh
-2.2062	0.1515	Anata wo tsutsumu yami ni naritai
-2.1943	0.1707	Qabel jiskura s sema jikxef lisbah ilwien
-2.1849	0.16	Hato wa karasu ni narenai keredo yami wo aishiteru
-2.1823	0.1389	Fejn spicca ibnek fejn spiccajt jien
-2.182	0.125	jvois toute lamerique qui pleure
-2.1769	0.3077	Imi mo wasure
-2.1754	1	asphyxiated
-2.1698	0	Uooooooooh
-2.1641	0.125	Wooo hoo
-2.1639	0.4118	Everyday's a gift
-2.1626	0.129	Tobira wo akete yukou yoooooooo
-2.1599	0.1333	jai toute lamerique qui pleure
-2.1552	0.2333	Kokoro wa tokete sora mo kiete
-2.1525	0.1143	cooo cooooold aaa aaaaaaas iiiiiice
-2.1503	0.4286	And I'm rollin', rollin', rollin', rollin'
-2.1494	0.375	Vient d'declencher une fusillade
-2.1411	0.1786	C'est si triste que des fois
-2.1337	0.3784	Non trucker c'pas vraiment l'Klondike
-2.1248	0.1304	kurai kono mienai sekai
-2.1242	0.0541	cooooooooold aaaaaaaaaaaas iiiiiiiice
-2.1242	0.2333	nemuri takute mo anata ga utau
-2.1236	0.4	todokanai S O S
-2.122	0.1538	Fuq lirham taht ic cipress
-2.1213	0.2667	Pris dans l'arriere-pays, yeah
-2.12	0.2	detre etranger dans ma famille
-2.1189	0.2222	Kif suppost jaghmel kulhadd
-2.1177	0.1957	kif hija ghannqek rajtek tingibed lura blugigh
-2.1156	0.0833	cooold aaaaaaaas iiiiice
-2.1155	0.125	isa tbissem ftit
-2.1031	0.1304	biex nerga nsibek vicin
-2.0975	0.1154	demain soir chta montmagny
-2.0965	0.3871	D'etre etranger dans ma famille
-2.0952	0.2708	Pendant qu'les voeux pieux passent dans l'beurre
-2.0922	0.1154	illum ghal ftit nessejniek
-2.0907	0.16	hato wa karasu ni narenai keredo yami wo aishiteru
-2.0862	0.1429	Nixtieq nemmen fi pjan divin
-2.0839	0.25	ochiteta zakuro de ue o shinoida
-2.0814	0.1707	qabel jiskura s sema jikxef lisbah ilwien
-2.0797	0.2558	Gouka de boku no mujaki samo yaki tsukuseba
-2.0769	0	yeeeah
-2.0743	0.2778	Kif dejjem ghamilt
-2.0713	0	Uoooooooooooh
-2.069	0.0667	Smooother iiiit
-2.0688	0.2812	Furimuita saki ni kibou ga mieta
-2.0649	0.1515	anata wo tsutsumu yami ni naritai
-2.0552	0.3125	Isa tbissem ftit
-2.0547	0.1389	fejn spicca ibnek fejn spiccajt jien
-2.054	0.2857	Histoire de s'donner meilleure mine
-2.0512	1	Me?
-2.0327	0.1765	tada te ni iretai
-2.032	0.0833	buuury iiiit
-2.0288	0.2667	Li l hziena jifred mit twajbin
-2.0162	0.129	tobira wo akete yukou yoooooooo
-2.0155	0.6182	Watch me engagin' 'em! Escapin' 'em! Enragin' 'em! I'm-
-2.0128	1	forevermore
-2.0118	0.0714	muuurder iiiit
-2.009	0.1667	Liem gharef jaf il kejl preciz
-2.0086	0.2222	Zugai no naka kara miminari ga shita
-2.0053	0.1471	Imma xnista nghid jien lil haddiem
-2.0049	0.1905	oh alexander hamilton
-1.997	0.2333	kokoro wa tokete sora mo kiete
-1.9936	0.1538	tous les exces dmon epoque
-1.9925	0.2	li l hziena jifred mit twajbin
-1.9869	0.4118	Tetsu kusai sanso
-1.9825	0.0435	Ohhhhhhhhhhh woooooooah
-1.9808	0.2778	Aaah aah aaaaaaaah
-1.9801	0.2286	Tellement presse d'aller nulle part
-1.9796	0.8571	La, la-la, la-la, eya
-1.9762	0.2143	Risei no sekai wo wasurereba
-1.9742	0.3667	Y'a tellement de chars partout
-1.9707	0.125	mayoi komu meiro
-1.9699	0.2558	gouka de boku no mujaki samo yaki tsukuseba
-1.9671	0.2667	aa tobira o ake
-1.9614	0.1333	nixtieq missier insib il kliem
-1.9541	0.2222	kif suppost jaghmel kulhadd
-1.9531	0.9	La, la-la, la-la, ey
-1.9512	0.2653	Anata no ude, naraku no soko e yuko-ooo-hou-oooou
-1.9478	0.3333	Primadonna girl
-1.9448	0.2727	Meta kont tqabbizni fuq kull sieq
-1.9423	0.1538	fuq lirham taht ic cipress
-1.9392	0.1538	cooo coooold aa aaas iiice
-1.9387	1	Hamilton!
-1.9375	0.2162	Kirai na shiro kara boku wo tsuresare
-1.9362	0.2558	Li fis skiet tbaghal w ismu ser ihalli biss
-1.9343	0	buuuuuuuuurn
-1.9302	0.1111	il bambin
-1.9224	0.2812	furimuita saki ni kibou ga mieta
-1.9214	0.1429	nixtieq nemmen fi pjan divin
-1.921	0.4286	J'tire une coup' de poffes de clope
-1.9093	0.7451	Trailer hitch demagnetizers, automatic circumcisers
-1.9082	0.2093	li fis skiet tbaghal w ismu ser ihalli biss
-1.9042	0.1667	Quand il ne restera rien
-1.9001	0.24	eloigne de ceux que jaime
-1.894	0.25	shootee suremballee yeah
-1.8876	0.1481	illum lahhar jum il missier
-1.8833	0.25	Odayaka na koe ga soko ni hibiku
-1.8808	0	uuuuuuuuuuuu
-1.8808	0	uuuuuuuuuuuuuuuuuuuuuuuu
-1.8777	0	iiiiiiiiiiiiii
-1.8777	0	iiiiiiiiiiiiiiiiiiiiiiiiii
-1.8776	0.25	C'est vrai que dans la soupe du jour
-1.8767	0.2222	zugai no naka kara miminari ga shita
-1.8748	0.25	Begin agaaaaaaaaaiiiiiin
-1.8706	0.2632	Ta kelma li ssabbar
-1.8689	0.1471	imma xnista nghid jien lil haddiem
-1.8647	0.1667	kono toki wa
-1.8609	0.3333	Ikareta yume no oku e
-1.8509	0.1667	liem gharef jaf il kejl preciz
-1.8501	0.4167	Saa, toki no
-1.8446	0.2258	Partent en fumee tous les reves
-1.8397	0.375	A la tele un aut' malade
-1.8397	0.35	Sa ma niehdu ritratt
-1.8387	0.3871	vient ddeclencher une fusillade
-1.831	0.4516	Pogne pour manger d'la ch'noute
-1.8272	0.2593	Mais que feront nos enfants
-1.8271	0.2778	kif dejjem ghamilt
-1.8193	0.3333	D'mon quatre heures de sommeil, yeah
-1.8175	0.3077	imi mo wasure
-1.8142	0.2812	Mal mejda ngbarna biex mill gdid
-1.8115	0.2143	risei no sekai wo wasurereba
-1.8105	0.4138	Avec Mimi pis les deux filles
-1.8099	0.2162	kirai na shiro kara boku wo tsuresare
-1.8061	0.35	deguchi wa mada nano
-1.8041	0.1875	ara kemm hu kbir
-1.8036	0.2727	meta kont tqabbizni fuq kull sieq
-1.8027	0.0435	ohhhhhhhhhhh woooooooah
-1.7904	0.3438	Mais ou s'en vont tous ces gens?
-1.7899	0.25	sa ma niehdu ritratt
-1.7865	0.0667	smooother iiiit
-1.7774	1	graffiti,
-1.7744	0	uooooooooh
-1.7708	0.4286	Hardware stoooooooore
-1.7695	0.2941	histoire de sdonner meilleure mine
-1.7694	0.3438	Anata no ude, naraku no soko ima
-1.7674	0	uoooooo
-1.7672	0	uoooooooooooh
-1.7671	0.2826	Anata no ude, naraku no soko e yukoooohouoooou
-1.7655	0.375	Ara kemm hu kbir
-1.7639	0	oooooooh
-1.7639	0.1	wiiiii wii
-1.7635	0.2826	pendant qules voeux pieux passent dans lbeurre
-1.7612	0.5435	Like Morpheus or Grokster or LimeWire or KaZaA
-1.7578	0.1852	cest si triste que des fois
-1.7538	0.25	ouais nempeche que moi aussi
-1.7478	0.3913	Doko made mo tsuzuiteku
-1.7472	0	yooooooooooooooo
-1.7455	0	oooooooooooo
-1.7455	0	oooooooooooooooo
-1.7426	0.4667	Un aut' truck stop d'autoroute
-1.7376	0.74	trailer hitch demagnetizers automatic circumcisers
-1.7353	0.28	Wirja ta mhabba ma tghaddix minghajr daqqa ta sieq
-1.7336	0.2778	aaah aah aaaaaaaah
-1.7331	0.2759	avec mimi pis les deux filles
-1.7312	0.25	odayaka na koe ga soko ni hibiku
-1.7229	0.3429	cooo co cold aaa aa aaas iiiiiiiice
-1.7205	0.3333	Moi je traine dans ma remorque
-1.7182	1	Aah
-1.7064	0.1667	quand il ne restera rien
-1.7062	1	Alexander Hamilton
-1.7029	0.25	begin agaaaaaaaaaiiiiiin
-1.7014	0.5	J'pense a tout c'que j'ai manque
-1.699	1	Testify
-1.6985	0.3636	cooo co cold aaa aa aaas iiiiiice
-1.6981	0.6667	!Show no mErcy!
-1.6976	0.4667	Pis un bon cafe a l'eau d'mope
-1.6968	0.2353	tellement presse daller nulle part
-1.6935	0.75	Show me no mErcy!!!!
-1.6925	0.2258	partent en fumee tous les reves
-1.6886	0.2424	Lil hinn minn dan lghabex wennies
-1.6678	0.2812	mal mejda ngbarna biex mill gdid
-1.6653	0.3333	primadonna girl
-1.6615	0.1667	My teeeeeender skiiiiiin
-1.6561	0.1852	Ohhhhhhhhh, oh woahhhhhhhhh
-1.6553	0.2593	mais que feront nos enfants
-1.6546	0.7143	J'prends le Florida Turnpike
-1.65	0.2286	jme dmande des fois cque j fous ici
-1.6441	0.3704	Assis dans mon vieux camion
-1.6411	0.28	wirja ta mhabba ma tghaddix minghajr daqqa ta sieq
-1.6404	0.4375	Pis que j'parke mon vieux camion
-1.6287	0.32	Ta kelma li twitti t triq
-1.6283	0.3333	ikareta yume no oku e
-1.6235	0.2632	ta kelma li ssabbar
-1.6218	1	Spectator
-1.611	0	youll
-1.6078	0.375	Un char en feu dans une bretelle
-1.6076	0.2609	Kyouki no doa wo aketai
-1.6075	0.2273	the stoooory gooOOooes
-1.6017	0.4667	Oooooooh, yeah!
-1.5992	0.125	wooo hoo
-1.5986	0.3333	Quand j'roule tout seul dans la nuit
-1.598	0.3438	que pourront pourrir les surplus
-1.5811	0.4	non trucker cpas vraiment lklondike
-1.5731	0.4286	hardware stoooooooore
-1.5678	0.4375	Que pourront pourrir les surplus
-1.5653	0.2571	cest vrai que dans la soupe du jour
-1.5623	0.3333	moi je traine dans ma remorque
-1.5597	0.2667	anata no ude naraku no soko e yukoooohouoooou
-1.5563	0.4375	everydays a gift
-1.5527	1	Betraying
-1.5525	0.2667	Ooh ooooooooooh
-1.5501	0.3913	doko made mo tsuzuiteku
-1.5473	0.2424	lil hinn minn dan lghabex wennies
-1.5372	1	Celestial
-1.5335	0.5769	Et j'ai ce sentiment fucke
-1.5277	0.7619	D'une vie sans amour?
-1.5179	0.1852	not goooing baaaaaaaaaaaack
-1.5035	0.4615	Min hu litwal id Alla jew denb ix xitan
-1.5	0.4242	Sou, yokubou ni makeru hazu na no
-1.4898	0.375	matsu yo
-1.4856	0.4118	Kage wo mite kara
-1.483	0.4242	jtire une coup de poffes de clope
-1.4818	0.1667	my teeeeeender skiiiiiin
-1.4754	0.5	Et de souffrance sur les visages
-1.4721	0.3704	assis dans mon vieux camion
-1.4703	0.8478	Now I'm Mister Charisma, fucking Pablo Escobar
-1.4585	0.2593	From myyyy neeeew luuuuungs
-1.4574	0.3226	anata no ude naraku no soko ima
-1.4562	0.5714	Woo hoo
-1.4557	0.375	un char en feu dans une bretelle
-1.4503	0.2778	theres nobodys son
-1.4471	0.3478	a la tele un aut malade
-1.431	0.32	ta kelma li twitti t triq
-1.4292	0.5714	Que'q' part au fond du coeur
-1.4286	0.5	Que des ruines et la faim?
-1.4285	0.5484	que derriere les beaux paysages
-1.4271	0.6667	youre corrupted
-1.4255	0.5	Maketa mo no
-1.425	0.4815	jprends le florida turnpike
-1.423	0.8393	Tennis rackets, angle brackets, Duracells and Energizers
-1.418	0.3235	dmon quatre heures de sommeil yeah
-1.4166	0.2353	and im rollin rollin rollin rollin
-1.4122	0.8095	Get PTSD on the daily
-1.4075	0.1818	hoo hoo hoo
-1.401	0.6735	I'm a cool pro Fortnite gamer, cool pro Fortnite-
-1.3994	0.2609	kyouki no doa wo aketai
-1.3988	0.4211	Doa no saki ni boku no senaka ga mieta
-1.3981	0.6452	Que derriere les beaux paysages
-1.3916	1	Hamilton
-1.3849	0.4	ma atte ru
-1.382	0.4091	Le monde est rendu fou
-1.3756	0.25	Oh wooooooah
-1.3733	0.4444	Unafraid to diiiiiiiiiiiiie
-1.3728	0.6216	La question qu'j'me pose tout l'temps
-1.368	0.3125	anata no ude naraku no soko e yuko ooo hou oooou
-1.3661	1	Oh, Alexander Hamilton
-1.3652	0.5	Pour traverser tout le cours
-1.3526	1	canvas,
-1.3517	0.48	Encore un jour a se l'ver
-1.3461	0.1538	ohhhhhhhhh oh woahhhhhhhhh
-1.3449	0.25	Oh whooooooa
-1.3445	0.5806	que notre insouciance est repue
-1.3408	0.625	A victory royale
-1.3394	0.3704	On a tue la chaleur humaine
-1.329	0.5	et de souffrance sur les visages
-1.3231	0.6667	Un accident mortel, yeah
-1.3141	0.6774	Que notre insouciance est repue
-1.3102	0.2963	quand je rentre a la maison
-1.3024	0.5172	They stand for nothIIIIIIiing
-1.3008	0.3429	quand jroule tout seul dans la nuit
-1.3	1	Ooh
-1.2977	0.6875	Hares il fuq Joe
-1.2973	0.8261	Im infected Im infected
-1.2965	0.4516	pis que jparke mon vieux camion
-1.2963	0.4828	pogne pour manger dla chnoute
-1.2946	0.3469	Boutoku to kindan no konomi no koto wo oshiete yo
-1.2937	0.2593	from myyyy neeeew luuuuungs
-1.2889	0.3077	Uooooo ooo oh
-1.2874	0.4333	quand j'suis loin de la maison
-1.2826	0.3158	Uoooooo oo oo oo oh
-1.2816	0.2963	but youre my realityyyyyyyy
-1.275	0.6949	He's constantly confusin', confoundin' the British henchmen
-1.2733	0.36	que des ruines et la faim
-1.2701	0.2667	ooh ooooooooooh
-1.268	0.3696	like morpheus or grokster or limewire or kazaa
-1.267	0.4211	doa no saki ni boku no senaka ga mieta
-1.2652	0.7222	Show me no mErcy!!
-1.2645	1	Ooh, ooh
-1.2634	0.619	She sips the CocaCola
-1.263	1	graffiti
-1.2495	1	Total liberation
-1.2483	0.4615	min hu litwal id alla jew denb ix xitan
-1.2476	0.6571	Drinkin' Henny and I'm tryna forget
-1.2469	1	Fuck
-1.244	0.7778	Im reborn
-1.2425	0.4643	un aut truck stop dautoroute
-1.2371	0.4483	ya tellement de chars partout
-1.237	1	scissors,
-1.2369	0.3333	How I buuuuuuuuurn
-1.2173	0.6364	C'est dans le fond des containers
-1.2152	0.4444	unafraid to diiiiiiiiiiiiie
-1.2148	0.4062	sou yokubou ni makeru hazu na no
-1.2121	0.2273	the stoooory gooooooes
-1.2112	0.4167	Oh uo uo uoh
-1.2103	0.3704	ya pu tellement damour yeah
-1.2095	0.2258	in christ it sustaaaaiiiiiiiins
-1.2061	1	La, la la, la la
-1.2033	0.5	A vagitus song
-1.2032	0.4118	kage wo mite kara
-1.2004	0.5	pour traverser tout le cours
-1.1977	0.3333	Now iiiiiiii
-1.197	0.32	Tryna get to yoooooooooou
-1.1957	0.3469	boutoku to kindan no konomi no koto wo oshiete yo
-1.1893	1	Walkie-talkies, copper wires, safety goggles, radial tires
-1.189	0.3333	Oh yeah yeeeeeeaaaaaaaah
-1.1846	0.4688	Dooon't download this sooooooong
-1.1846	1	Oh
-1.1824	1	spectator
-1.1815	1	...understand
-1.1741	0.381	am I so selfimportant
-1.171	1	Apples, carrots, celery stalks
-1.17	0.4839	Dooon't download this soooooong
-1.1638	0.6047	unasarete e e e e e e e e e e e e eeeee eee
-1.1633	0.5455	hes constantly confusin confoundin the british henchmen
-1.1623	0.4091	le monde est rendu fou
-1.162	1	Clear-cut
-1.161	0.6429	'Cause I'm a primadonna girl
-1.1597	0.3704	on a tue la chaleur humaine
-1.1593	1	Forever alive
-1.1562	0.5122	Fejn mar il wens u l paci ta dawk il jiem
-1.1517	0.4	Now iiiiii
-1.1434	0.6667	I can't waait, no, I can't waaait
-1.1381	0.4194	In Christ it sustaaaaiiiiiiiins
-1.135	0.4	todokanai s o s
-1.1348	0.8421	Let's hop in an ATK
-1.1341	1	testify
-1.1315	1	Ripples
-1.1269	0.4865	Jigoku no hate nado doko ni aru no ka
-1.1228	0.6087	What does everypony do?
-1.1161	0.4242	drinkin henny and im tryna forget
-1.1149	0.6744	I'm goin' yes I'm goin', I'm a-goin' to the
-1.1134	1	betraying
-1.1101	0.6	et jai ce sentiment fucke
-1.1078	0.4333	mais ou sen vont tous ces gens
-1.0978	1	celestial
-1.093	0.8667	But Im addicted
-1.0868	0.5	Now iiii
-1.0862	1	Winter Wrap Up, Winter Wrap Up
-1.0861	0.6071	La face encore un peu poquee
-1.0826	0.4737	The primadonna life
-1.0808	0.4483	quand jsuis loin de la maison
-1.0797	0.2381	as I droooooooooooown
-1.0771	1	Oh, oh, ooh, ooh, ooh
-1.075	0.5	pis un bon cafe a leau dmope
-1.0725	0.2632	as I droooooooooown
-1.0721	0.6818	now im mister charisma fucking pablo escobar
-1.0633	0.7692	Surtout ca t'fait realiser
-1.0629	0.6981	Will you be my pro Fortnite gamer? Pro Fortnite gamer
-1.0584	0.625	a victory royale
-1.0547	0.6538	Et au milieu de ce bouchon
-1.0533	0.4286	pris dans larriere pays yeah
-1.049	0.5882	Mais comment font ces pauvres gens
-1.0347	0.3636	saa toki no
-1.0321	0.5	hares il fuq joe
-1.0301	0.5	maketa mo no
-1.0287	0.5122	fejn mar il wens u l paci ta dawk il jiem
-1.0271	1	A-Jupiter and Mars
-1.0262	0.48	It's not my probleeeeeeem
-1.0193	0.8333	tennis rackets angle brackets duracells and energizers
-1.019	0.3158	uoooooo oo oo oo oh
-1.0173	0.32	tryna get to yoooooooooou
-1.0162	0.25	oh wooooooah
-1.0106	1	Oh, oh, ooh
-1.0093	0.3333	oh yeah yeeeeeeaaaaaaaah
-1.0091	0.6154	Mais tu vois du pays, yeah
-1.0075	0.5758	Oh, dooon't download this soooong
-1.0021	0.5556	Job done pour les vitamines
-0.9978	1	Pesticides for fumigation, high-performance lubrication
-0.9958	0.55	I'm just a crosshair
-0.9939	0.3571	Come oooooooon
-0.9926	0.6341	'Cause tomorrow spring is heeeeeeeeeeeere
-0.9918	0.6923	unasarete e e e e e e e e e e e e e eee
-0.9905	0.4865	jigoku no hate nado doko ni aru no ka
-0.9893	1	Soffit panels, circuit breakers, vacuum cleaners, coffee makers
-0.9859	1	total liberation
-0.9855	0.3043	Uoooooh oh oh ooooooooh
-0.9854	0.25	oh whooooooa
-0.9829	0.6087	im a cool pro fortnite gamer cool pro fortnite
-0.982	0.6667	En meme temps que le soleil
-0.98	1	You're corrupted?
-0.9759	0.7273	Everyone, ooooh, pulls away, oooh
-0.9726	1	No
-0.9711	1	From A to Z
-0.9663	0.5517	jpense a tout cque jai manque
-0.9638	1	Metal roofing, water proofing, multipurpose insulation
-0.9566	0.5588	The twilight will riiiiiiiiiiiise!
-0.9544	0.381	am i so selfimportant
-0.9536	0.6296	Avec le service a la chaine
-0.95	0.5455	Shshshshshshake off the devils thats lurking
-0.9472	0.6	Chacun son tour joue du klaxon
-0.9472	0.4615	We might be fantasyyyyyyyy
-0.9373	0.6522	un accident mortel yeah
-0.9329	0.4211	im just a crosshair
-0.9296	0.5294	So dooon't download this soooooong
-0.9294	0.3077	uooooo ooo oh
-0.9291	0.7317	Ingenuitive and fluent in French, I mean-
-0.9279	0.5	But you're my realityyyyyyyy
-0.9277	0.5	Do my best todaaaaaaay
-0.9268	0.3043	Its so looooooouuuuuuud
-0.9192	1	Hello, hello
-0.9142	0.6071	la face encore un peu poquee
-0.9128	1	Eventually would
-0.9126	0.5882	mais comment font ces pauvres gens
-0.9019	0.8261	im infected im infected
-0.8993	0.5	encore un jour a se lver
-0.8927	0.4773	watch me engagin em escapin em enragin em im
-0.8798	0.4762	And it sho uo uo uows
-0.8773	0.6562	cest dans le fond des containers
-0.8737	0.5	a vagitus song
-0.8716	0.2381	as i droooooooooooown
-0.8704	0.8158	La question qu'j'me pose tout le temps
-0.8664	0.6538	et au milieu de ce bouchon
-0.8662	0.6129	The twilight will riiiiiiiiise"
-0.8654	0.5333	You get hypnoti
-0.8646	1	La, la la, la la, la la la la la
-0.8616	0.5	Buuuuuuuuurn, oh how I burn for yoooooou
-0.8575	1	Calculators, generators, matching salt and pepper shakers
-0.8554	0.5769	queq part au fond du coeur
-0.8541	0.4	theyve got
-0.8501	0.4839	dooont download this sooooooong
-0.85	0.4737	the primadonna life
-0.8486	0.5455	shshshshshshake off the devils thats lurking
-0.8476	0.7222	youre badly needed
-0.8399	0.2632	as i droooooooooown
-0.8389	1	Split
-0.8384	0.6333	The twilight will riiiiiiiise"
-0.8383	0.4091	i havent got a cluuuue
-0.8382	0.3333	now iiiiiiii
-0.8343	1	Air compressors, brass connectors, wrecking chisels, smoke detectors
-0.8301	0.5556	job done pour les vitamines
-0.8299	0.6452	Mais comment font tous ces gens
-0.8298	1	forever alive
-0.8288	0.7561	Did Fluttershy ever hook up with Discord?
-0.8284	0.4348	Please be truuuuuuuuuue
-0.8245	0.7241	We can be pro Fortnite gamers
-0.8231	0.5	dooont download this soooooong
-0.819	0.7045	Kingslayeeeer, destroying castles in the sky
-0.8133	1	BB pellets, rubber mallets, fans and dehumidifiers
-0.8123	1	All arranged alphabetically
-0.8119	1	A multiplying desire
-0.8115	1	Allen wrenches, gerbil feeders, toilet seats, electric heaters
-0.8102	0.6207	The neverending curse we cast
-0.8098	0.7857	Pour croire encore en la vie
-0.808	1	Get fucked!
-0.8031	0.4857	even lars ulrich knows its wroooong
-0.8023	0.6667	en meme temps que le soleil
-0.802	0.7778	Even Lars Ulrich knows it's wroooong
-0.8018	0.4516	Still tryna get to yoooooooooou
-0.7994	1	La, la la, la la la, la la la la la
-0.7971	0.5714	woo hoo
-0.7954	1	Invoke evoke decode reload
-0.7942	0.5385	cause im a primadonna girl
-0.7919	1	Tire gauges, hamster cages, thermostats and bug deflectors
-0.789	0.6	chacun son tour joue du klaxon
-0.7878	0.3043	uoooooh oh oh ooooooooh
-0.786	0.4808	and whos the other mare thats poledancing at trixies
-0.7834	1	I'm a loser, babe
-0.7828	1	I say, "Don't you know?"
-0.7806	0.4286	A fire that buuuuuuuuuuuurns
-0.7798	1	God, I'm so pathetic
-0.7769	0.625	cause tomorrow spring is heeeeeeeeeeeere
-0.7765	0.3333	and iiiiiiii
-0.7753	0.4615	we might be fantasyyyyyyyy
-0.7739	0.6296	avec le service a la chaine
-0.772	1	Together unbroken
-0.7718	0.4167	oh uo uo uoh
-0.7706	0.6875	Kingslayeeeeeer, forevermore the apple of my eye
-0.7666	1	Lets lament
-0.7637	1	walkie talkies copper wires safety goggles radial tires
-0.7635	0.5357	dont download this soooooong
-0.7627	1	Paralyze, controlling completely
-0.7621	0.5385	From you, ooh oooooooooooh
-0.7618	1	Conceal reveal unreal surreal
-0.7598	0.7059	But aha ahaha I know youre hurting
-0.7587	0.8333	I said, "Do you speaka my language?"
-0.7571	1	Hi
-0.7571	1	Kitchen faucets, folding tables, weather stripping, jumper cables
-0.7497	0.7778	im reborn
-0.7456	0.7931	I'm probly gonna sleep around
-0.7443	1	A sky
-0.7427	0.3333	how i buuuuuuuuurn
-0.7393	0.6809	He lived for Jesus, unafraid to diiiiiiiiiiiiie
-0.7385	0.3043	its so looooooouuuuuuud
-0.7363	1	I'm a tragedy
-0.7357	0.3846	oooooooh yeah
-0.7331	0.6522	dont come crawling baaa
-0.7326	0.6545	And who's the other mare that's poledancing at Trixie's
-0.7263	1	Parties. Galas. Wrapping up winter and-
-0.7244	0.6765	la question qujme pose tout ltemps
-0.723	1	Somehow defeat a global superpower?
-0.7226	1	scissors
-0.7225	0.5	Let it goooooo
-0.7216	0.5909	what does everypony do
-0.7209	1	You're corrupted
-0.7196	0.5	do my best todaaaaaaay
-0.7181	0.7727	Youre digging for gold
-0.7124	0.4	now iiiiii
-0.7104	0.7143	im probly gonna sleep around
-0.7098	0.76	another solid gold humvee
-0.7088	0.675	So all I ask is everybody, pleeeeeeeease
-0.708	0.7222	That youve created
-0.7075	1	A rot
-0.7074	0.7971	Hooks and tackle, grout and spackle, power foggers, spoons and ladles
-0.7004	1	metal roofing water proofing multipurpose insulation
-0.6976	1	canvas
-0.6944	1	apples carrots celery stalks
-0.6939	0.8261	Yeah, Fortnite, we 'bout to get down, get down
-0.6897	0.3571	come oooooooon
-0.6893	0.64	dont blame me blame brett
-0.6868	1	A contradiction
-0.6858	0.814	Blame my ex, blame my ex, blame my eeeeeeex
-0.6826	0.8298	Derpy, the Cake twins, way before Twi got wings
-0.6808	1	soffit panels circuit breakers vacuum cleaners coffee makers
-0.6802	0.5455	the twilight will riiiiiiiiiiiise
-0.6779	0.6452	mais comment font tous ces gens
-0.6747	0.4583	its not my probleeeeeeem
-0.6744	1	Hey Kevin, what's up?
-0.6715	0.55	Ooooooooh yes I know
-0.6711	1	Little critters hibernate
-0.6688	1	A Pegasus' job begins
-0.6681	1	Heartbreak is impossible
-0.667	0.775	You have invaded and recreated meeeeeeee
-0.6666	0.7059	but youre aimless
-0.6649	0.5652	So young and hopelessss
-0.6623	1	Leave the battlefield, waving Betsy Ross' flag higher?
-0.662	0.8519	Pas de respect pour la mort
-0.6611	0.625	In us it echoes, in Christ it sustaaaaiiiiiiiins
-0.6597	0.7273	take every memory weve ever haaad
-0.6554	0.4516	still tryna get to yoooooooooou
-0.6542	1	all arranged alphabetically
-0.6536	0.5789	Oooooooh yes I know
-0.6528	1	Cold killer
-0.6521	0.6207	the neverending curse we cast
-0.6499	1	another solid gold Humvee?
-0.6491	1	eventually would
-0.6491	0.8	surtout ca tfait realiser
-0.6479	0.7045	Will never break our hearts of gooOOOOOooold
-0.6477	0.9153	allen wrenches gerbil feeders toilet seats electric heaters
-0.6424	0.5652	he lived for jesus unafraid to diiiiiiiiiiiiie
-0.6401	0.6667	I was just playin'
-0.6401	0.4348	please be truuuuuuuuuue
-0.6379	0.7857	pour croire encore en la vie
-0.6327	0.4762	and it sho uo uo uows
-0.6318	1	If I wasn't me, I'd copy me too
-0.6298	0.7381	Maybe theres a hole youre hiding somewhere
-0.6293	0.6	mais tu vois du pays yeah
-0.6292	1	Picture hangers, paper cutters, waffle irons, window shutters
-0.6235	1	invoke evoke decode reload
-0.6224	0.4286	a fire that buuuuuuuuuuuurns
-0.6224	1	I say, "You don't show"
-0.6204	0.5965	The world will never be the same, Alexandeeeeeeeeerrrrrrr
-0.6197	0.65	a pegasus job begins
-0.6184	1	My self-deceit
-0.6175	1	You say, "You don't go"
-0.6174	0.6957	I haven't got a cluuuue
-0.617	0.6977	kingslayeeeer destroying castles in the sky
-0.6159	1	I say, "You don't know"
-0.6137	1	Trash compactors, juice extractor, shower rods and water meters
-0.6133	0.6897	Don't download this soooooong
-0.612	0.6923	will you be my pro fortnite gamer pro fortnite gamer
-0.6109	0.8333	Don't come crawling baaa
-0.6108	1	Don't blame me, blame Brett
-0.6099	1	Shall I stay?
-0.6098	1	conceal reveal unreal surreal
-0.6095	1	calculators generators matching salt and pepper shakers
-0.6074	0.8718	makin' Redcoats redder with bloodstains
-0.6043	0.619	she sips the cocacola
-0.6038	0.5455	so dooont download this soooooong
-0.6018	0.8333	Dont fear this adventure
-0.6014	0.4894	in us it echoes in christ it sustaaaaiiiiiiiins
-0.6008	1	To take accountability
-0.6006	0.8235	This cowboy's runnin' from himself
-0.5996	0.72	Pace yourself for meeeeee
-0.5992	1	Yeah, I've gone mad
-0.5989	1	Why
-0.5981	0.875	Blame my ex, blame my ex, blame my eeeex
-0.5977	1	'Cause I barely tried,
-0.594	0.8	Youre something beautiful
-0.5922	1	a multiplying desire
-0.5912	0.6809	Kingslayeeeeeer, I'll fight for you until I die
-0.5871	0.6111	a jupiter and mars
-0.587	1	Badly wanted
-0.5852	1	We are Charlie Kirk
-0.5845	0.6809	kingslayeeeeeer forevermore the apple of my eye
-0.5844	0.75	Youre as cold as ice
-0.5843	0.9	Sta e a e a e a e ay
-0.5833	0.6	and everybodys calling me
-0.5828	1	Always
-0.5761	0.6	the twilight will riiiiiiiiise
-0.5742	0.75	Im a lie
-0.5666	1	ripples
-0.5649	1	And I'll burn
-0.5641	1	angels
-0.5613	0.5333	you get hypnoti
-0.5597	0.7167	everyone give it up for americas favorite fighting frenchman
-0.5577	0.4118	oh how iiiiiiiiii
-0.5575	0.8889	Pixelated kisses got me goin' insane
-0.5562	0.8571	cause Im alone
-0.5556	1	A kiss
-0.554	0.775	you have invaded and recreated meeeeeeee
-0.5537	1	And awesome holidays
-0.5537	1	System failure
-0.5522	0.8113	we rendezvous with rochambeau consolidate their gifts
-0.5513	1	It's not confidential, I've got potential
-0.5508	1	Isn't the view spectacular?
-0.5507	0.8148	Tout ca pour jouer la game?
-0.5504	1	air compressors brass connectors wrecking chisels smoke detectors
-0.5486	0.8333	im a tragedy
-0.5483	0.8824	Now I'm sewing his name in my 509s
-0.5479	1	When Twilight, Twilight, Twilight learned to fly
-0.5451	1	I couldn't go, go, go, go
-0.5415	1	An egg
-0.5383	1	Why, why
-0.5365	0.6207	the twilight will riiiiiiiise
-0.535	0.5806	oh dooont download this soooong
-0.5349	1	tire gauges hamster cages thermostats and bug deflectors
-0.5348	1	haunted lover
-0.5343	0.7931	This fashion's getting oooold
-0.529	0.75	sta e a e a e a e ay
-0.5275	0.8333	Traveling in a fried out Kombi
-0.5272	1	Colorful flowers too
-0.527	0.7059	if youre gonna if youre gonna stay
-0.5263	1	"Take me out"
-0.5249	1	together unbroken
-0.5219	0.5	now iiii
-0.5199	0.7381	maybe theres a hole youre hiding somewhere
-0.5162	1	Pray Lord have mercy
-0.5146	1	Removed backbone
-0.5143	1	Back, hurry back
-0.51	0.7727	youre digging for gold
-0.5081	1	Now
-0.508	1	A fruit
-0.5079	0.9583	bb pellets rubber mallets fans and dehumidifiers
-0.5051	1	A pale imitation
-0.5051	1	Up on Melancholy Hill
-0.5047	0.4872	buuuuuuuuurn oh how i burn for yoooooou
-0.4998	0.6897	but dont blame me blame brett
-0.4997	1	Paint removers, window louvres, masking tape and plastic gutters
-0.4992	1	little critters hibernate
-0.4988	1	A-a-are we there yet?"
-0.498	0.8621	Since miss Derpy, the Cake twins, way before Twi got wings
-0.4977	0.8529	Take every memory we've ever haaad
-0.495	0.7241	we can be pro fortnite gamers
-0.4935	1	pesticides for fumigation high performance lubrication
-0.4924	0.6207	i cant waait no i cant waaait
-0.4883	1	heartbreak is impossible
-0.486	1	Eyes, destroying so sweetly
-0.4858	0.6154	And now iiiii
-0.4856	1	with the RI-double-A
-0.4849	1	And diamond studded swimming pools,
-0.4847	0.8667	but im addicted
-0.4823	0.8519	pas de respect pour la mort
-0.4817	1	fingers
-0.4794	0.6154	it wasnt easy
-0.479	0.625	But nothin ever stops you leavin
-0.4774	0.7059	but aha ahaha i know youre hurting
-0.4766	1	Like me?
-0.4749	1	paralyze controlling completely
-0.4726	0.5556	yeah theyre all fuckin down
-0.4699	1	wounded
-0.4672	0.5652	so young and hopelessss
-0.4672	1	You say, "You don't know"
-0.4659	1	praying
-0.4652	1	I've got V-Bucks that I'll spend
-0.464	1	We rendezvous with Rochambeau, consolidate their gifts
-0.4638	1	kitchen faucets folding tables weather stripping jumper cables
-0.4608	0.7222	that youve created
-0.4599	1	Wake up
-0.4597	0.8571	Youre willing to sacrifice our love
-0.4552	1	But don't blame me, blame Brett
-0.4521	0.6571	weve kept our hoofsies warm at home
-0.4497	0.8235	leave the battlefield waving betsy ross flag higher
-0.4464	1	Or matches my practical tactical brilliance
-0.4464	0.8	Yeah, they're all fuckin' down
-0.4441	1	somehow defeat a global superpower
-0.4425	0.8333	la la la la la eya
-0.4414	0.7778	I just got a victory royale
-0.4414	0.8776	You can take me to Moisty Mire, but not Loot Lake
-0.4351	1	Perfectly devoid of anything I ain't
-0.4301	1	Everyday is a chore, chore, chore
-0.4273	1	Forever naive and pure
-0.4266	0.7879	hooks and tackle grout and spackle power foggers spoons and ladles
-0.4263	1	Mirror me
-0.4261	1	A sentient canvas
-0.4235	1	Painless futures
-0.4228	0.7609	A fortune in feelings but someday youll paaaay
-0.4227	0.7143	ni e i e i e i e ight
-0.4221	0.8	youre something beautiful
-0.4204	0.7931	I'm probly gonna let you down
-0.4199	0.72	pace yourself for meeeeee
-0.4197	0.6857	it doesnt matter if youre a grandma
-0.4146	0.52	from you ooh oooooooooooh
-0.4145	1	Dark
-0.4135	0.8333	dont fear this adventure
-0.4082	0.6154	And thats how
-0.4064	0.7	everyone ooooh pulls away oooh
-0.4063	0.8485	Ooooh, I'm not gonna lose you now
-0.4044	1	a contradiction
-0.4041	1	Maybe baby
-0.403	1	to take accountability
-0.4001	1	aah
-0.3997	1	I really sympathise, I do, I do
-0.399	1	You're badly needed
-0.3983	0.6053	What do I have left to loooooooooooose
-0.395	0.8125	Lady runnin' down to the riptide
-0.393	0.5	let it goooooo
-0.3904	0.75	She's workin' in my mind
-0.3897	1	And I'm pins and I'm needles
-0.389	1	It wasn't easy
-0.3874	1	This fantasy I cant escape
-0.3871	0.7368	youre throwing away
-0.3868	0.7143	Shapeshift and trick the past again
-0.385	1	Take me to Loot Lake
-0.3836	0.5893	the world will never be the same alexandeeeeeeeeerrrrrrr
-0.3825	1	With God as our Captain
-0.3823	1	Blaze an immortal flame
-0.3821	0.8611	la question qujme pose tout le temps
-0.382	1	Crossed every bridge, chased every star
-0.3805	1	trash compactors juice extractor shower rods and water meters
-0.3795	0.8621	dont you dare get comfortable
-0.3787	1	Quiet grace surrounds you
-0.3768	0.8684	makin redcoats redder with bloodstains
-0.3767	1	A sin
-0.3754	0.878	scuse me, sorry, his kisses make me cocky
-0.3738	1	Feelings doing somersaults
-0.3713	0.84	isnt the view spectacular
-0.3712	1	lets lament
-0.37	0.6333	it doesnt matter if youre gone
-0.3683	0.7647	'Cause every night, I'm talking to the moooooooooon
-0.3679	1	mantis
-0.3658	0.75	did fluttershy ever hook up with discord
-0.3631	1	I cannot lie, I feel defeated
-0.3623	1	Well, I lie and I'm easy
-0.361	1	Cold as ice
-0.361	0.6667	so all i ask is everybody pleeeeeeeease
-0.3598	1	You're all I had,
-0.3589	0.5455	youll think thats okay
-0.3578	0.7692	Woulda gave you anything, woulda gave you everything
-0.3568	1	Everyone give it up for America's favorite fighting Frenchman
-0.3557	1	Visions of violence are overpowering, yeah
-0.3528	1	Hello again
-0.3494	0.814	Take me to your Xbox to play Fortnite today
-0.347	1	Were astral
-0.3423	1	or matches my practical tactical brilliance
-0.3423	0.7778	Yeah Im beggin him to leave me alone
-0.3407	1	Am I anything?
-0.3405	0.7179	ingenuitive and fluent in french i mean
-0.3403	1	Yeah
-0.3391	0.6552	yeah theyre talking back oooh
-0.3389	0.7143	im probly gonna let you down
-0.3373	0.75	youre as cold as ice
-0.3357	1	Never gonna say goodbye
-0.3356	1	Tough task ahead I face
-0.3347	0.6379	closest thing to michelle pfeiffer that youve ever seen oh
-0.3343	1	They'll sue you if you burn that CD-R
-0.3341	1	He's got Renegade Raider and he's probably a pro
-0.334	1	and awesome holidays
-0.3332	1	He lived for Jesus,
-0.3325	0.625	but nothin ever stops you leavin
-0.3324	1	Bass is 'bout to blow
-0.3304	0.8049	blame my ex blame my ex blame my eeeeeeex
-0.3286	1	I'll be okay
-0.3285	1	Together unbroken, we'll make Heaven known
-0.3279	0.7143	theres a plastic tree
-0.3279	0.8571	youre willing to sacrifice our love
-0.3269	1	Afternoon is nauseous again
-0.3266	1	And you're hoping, trying, praying, crying
-0.3265	1	Bound and restricted
-0.3254	0.6923	dont go pirating music all day looooong
-0.3236	1	And adore
-0.3229	0.8667	im a loser babe
-0.3227	0.7778	We've kept our hoofsies warm at home
-0.3217	0.8182	now im sewing his name in my 509s
-0.3214	0.7609	a fortune in feelings but someday youll paaaay
-0.3203	1	Ever say goodbye
-0.3183	1	Does anybody know, love
-0.3183	0.5556	Talking to the moooooooooon
-0.3182	1	I cant erase
-0.3176	0.8065	I probly tried and magnified it
-0.3154	0.8824	la la la la la ey
-0.3149	1	Evil will hide
-0.3143	1	Yeah, yeah, yeah
-0.3133	1	I'll haunt your studio
-0.3129	0.9211	its not confidential ive got potential
-0.3128	0.8571	Ohhh, you don't want to mess
-0.3119	1	picture hangers paper cutters waffle irons window shutters
-0.3116	1	Ill try
-0.3106	0.7222	so if youre lonely
-0.3103	1	Still you're hoping, trying, praying, crying
-0.3099	1	ah
-0.3096	1	By a jumbo jet
-0.309	1	La, la, lo la, la, loyal to the end of time
-0.3088	1	Cave in
-0.3083	0.5484	thats what he said to meeeeeeee
-0.3075	1	colorful flowers too
-0.3015	1	A natural disaster, hey
-0.2971	1	Don't you dare get comfortable
-0.296	1	Let me sing forevermore
-0.2959	1	Just wiped out Tomato Town
-0.294	0.8438	Oh I I know youre hurting I know
-0.2938	1	That says every twenty-seventh customer
-0.2912	1	I need healing and I am only at 1 HP"
-0.2888	0.8857	pixelated kisses got me goin insane
-0.2848	1	And he's skipping my heart, Double Dutch
-0.2845	0.875	Yeah, they're talking back, oooh
-0.2839	1	That's why I won't get vulnerable
-0.2831	1	"I will be brave
-0.282	1	Got an automobile
-0.2815	0.7143	I wanna be your lefthand man
-0.2798	1	"Ride or die," I said it, and I meant it
-0.2785	0.8286	The sun and moon; a dazzling paaair
-0.2784	0.7143	Dont want leave me ok
-0.278	1	I'm gonna fuss about it
-0.2776	0.9189	What's he gonna do on the bench, ami?
-0.2749	1	And I'm sad to the core, core, core
-0.2724	1	paint removers window louvres masking tape and plastic gutters
-0.2708	1	We are Charlie Kirk, his courage our own
-0.2704	0.8	Don't go pirating music all day looooong
-0.2674	0.6364	its just gone thursday
-0.2652	0.8261	For too lo u o u o oong
-0.2648	0.8286	Oh lady runnin' down to the riptide
-0.2629	0.7925	She played yovidaphone, wasn't too great at it though
-0.2625	1	My neighbors think I'm crazy
-0.2617	0.7778	i just got a victory royale
-0.2603	0.8776	"Hey broski, you got some heals and a shield pot?
-0.2596	0.8235	We got a number one victory royale
-0.2583	1	fuck
-0.2574	1	cold killer
-0.2567	0.8537	Feed the flame 'cause we can't let gooooo
-0.255	0.7143	shapeshift and trick the past again
-0.2547	1	Anything, for the crown, crown, crown
-0.2529	1	A wound
-0.2528	1	My confidence has faded away
-0.2528	0.8644	She was gonna shake her flank, on the stage at Trixie's bar
-0.2527	0.72	call me kevin costner the way im guarding his body
-0.251	1	removed backbone
-0.2496	1	By downloading MP3s from file sharing sites
-0.2495	1	system failure
-0.2492	1	A birth
-0.2492	0.8095	get ptsd on the daily
-0.2482	1	I'll make mistakes
-0.2458	0.7391	Reach out but no sireee
-0.2457	0.8611	wont you realize youre just obsessed
-0.2453	0.6	for now this is all weve goooooooot
-0.2447	1	We ask You
-0.2432	0.8387	thats why i wont get vulnerable
-0.2417	0.7941	Its warmth and beauty will gloooow
-0.241	1	A freshly opened membrane
-0.2407	1	I know I've got a big ego
-0.2392	1	No yeah I'm good
-0.239	1	'Cause I'm so excited and I really don't care
-0.2378	0.5172	they stand for nothiiiiiiiing
-0.2369	1	dune vie sans amour
-0.2369	1	smears
-0.2355	1	I'm sorry in advance
-0.2353	1	Yes I know
-0.2349	1	I wanna be adored
-0.2345	0.8857	perfectly devoid of anything i aint
-0.2342	1	Baby kiss me
-0.234	0.8333	and theyre doing a promotional stunt
-0.233	0.76	You were talkin' business
-0.2319	1	We are Charlie Kirk, we carry the flame
-0.2306	1	Run away, run away, run away
-0.2305	1	Let's finish our holiday cheer
-0.23	0.8947	I think Im drowning
-0.2298	0.75	But nothing iiis
-0.2297	1	See those hacksaws? Very, very soon
-0.2296	0.875	Once weve both said our goodbyes
-0.2293	1	I say
-0.2287	1	...fantasy, we're both in dresses in the ballroom
-0.2283	1	They've got:
-0.2275	1	badly wanted
-0.2267	0.8571	cause im alone
-0.2265	1	Run away, run away
-0.2254	0.7895	Youd never dream of
-0.225	1	I cant sleep
-0.2242	0.85	For too lo u o u ong
-0.2231	1	But you're aimless
-0.2227	1	a pale imitation
-0.22	1	Yeah, I, I, I hate that I made you love me
-0.2198	0.7347	Kingslayeeeer, come and collect us from the night
-0.2192	1	forever naive and pure
-0.2191	1	Man, it's a crisis, I'm never like this
-0.2187	0.7857	this fashions getting oooold
-0.217	1	You
-0.2166	0.8077	I'm waiting on yooou again
-0.2165	0.8333	You're not even speakin' to my friends, no
-0.2154	0.5	im goin yes im goin im a goin to the
-0.2112	0.8333	traveling in a fried out kombi
-0.2111	1	Cold as ice I know
-0.2108	0.9655	There was Rainbow, and AJ, and Discord was still a bad guy
-0.2091	1	feelings doing somersaults
-0.2085	1	With my brothers like it's Jonas, Jonas
-0.2084	0.8205	Life, it goes on, what can you doooooo?
-0.2065	1	I promise, I swear to you
-0.2063	0.55	ooooooooh yes i know
-0.2058	1	Get up
-0.2053	0.8889	god im so pathetic
-0.2038	1	and diamond studded swimming pools
-0.2031	1	A stone
-0.2018	0.8684	blame my ex blame my ex blame my eeeex
-0.2012	0.8684	and youre hoping trying praying crying
-0.2011	0.7368	youve taken my love
-0.201	0.6863	she played yovidaphone wasnt too great at it though
-0.2004	1	How can I help? I'm new, you see
-0.1994	0.7222	hey kevin whats up
-0.199	1	quiet grace surrounds you
-0.1983	0.875	still youre hoping trying praying crying
-0.1971	1	Please I'm begging anybody, come and save me
-0.1963	1	Feels like a cartoon clip, but friendship isn't magic
-0.1938	1	Everyone it feeds
-0.1925	0.7872	maybe starlights still got that spell somewhere
-0.1921	1	What's happening now?
-0.1905	1	But realize the possibilities are endless
-0.1884	1	Inside the warm cocoon
-0.1869	1	I'll burn it, I'll burn it, and burn it, and burn it down
-0.1863	0.6667	kingslayeeeeeer ill fight for you until i die
-0.1858	1	For a minimum wage
-0.1854	0.8125	this cowboys runnin from himself
-0.1852	1	A touch
-0.1846	1	blaze an immortal flame
-0.1839	1	I can't bear the solitary, don't forget me
-0.1833	1	Artificial 'til the day you die, silly program
-0.182	1	A distorted dream
-0.1814	1	We'll make Heaven known
-0.1806	1	It's only me
-0.1805	0.7209	take me to your xbox to play fortnite today
-0.1804	0.7647	woulda gave you anything woulda gave you everything
-0.1792	0.875	So distraught by what I dont see
-0.1774	1	A forgiving world
-0.177	1	A big tease
-0.1763	1	I'll never go
-0.1761	1	A star
-0.1757	1	I can't feel
-0.1748	0.641	youll burn in hell before too loooooong
-0.1735	1	Let go
-0.1727	1	Beauty queen on a silver screen
-0.1726	1	hello hello
-0.1721	0.6923	ohhh you dont want to mess
-0.1714	1	But it's always someone else's fault
-0.1705	1	I said maybe, baby, please
-0.1701	1	'Cause any minute now I'm gonna be inside
-0.1699	0.8222	derpy the cake twins way before twi got wings
-0.1689	1	How do we emerge victorious from the quagmire?
-0.1686	0.7568	dont come crawling back youre on your
-0.1681	0.8077	tout ca pour jouer la game
-0.1666	1	Life is encrypted, you are modified
-0.1655	0.8065	i probly tried and magnified it
-0.1648	1	One cupcake a day, still shocked that Rainbow's gay
-0.1638	0.8235	yeah ive gone mad
-0.1633	0.6818	we couldnt turn around
-0.1625	1	a sentient canvas
-0.1623	0.7551	Goin' hard goin' to the hard yes I'm goin' to the
-0.1622	1	afternoon is nauseous again
-0.1618	0.8	But nothin is better sometimes
-0.1616	0.7188	That's what he said to meeeeeeee
-0.1616	1	Won't you realize you're just obsessed?
-0.16	0.8065	theyll surrender by early light
-0.1599	1	painless futures
-0.1594	0.5789	oooooooh yes i know
-0.1584	1	I'm gonna sing about it
-0.1574	0.8438	then youre robbing liquor stores
-0.1561	0.9091	im gonna fuss about it
-0.1559	1	He discovered self control
-0.1545	0.7778	I guess it goes like nanana
-0.1543	1	I drown in self deception
-0.1535	0.5556	talking to the moooooooooon
-0.1524	0.8	thats why im never gonna love again
-0.1519	0.72	im waiting on yooou again
-0.1512	0.6053	what do i have left to loooooooooooose
-0.151	1	I wanted freedom
-0.1505	1	Clouded mind
-0.1463	1	Darling, so it goes
-0.1459	1	Countless tears I had to cry
-0.1452	0.7879	Tore my shirt to stop you bleedin
-0.1446	1	Dark streets, I roam in
-0.1431	1	leave sanity
-0.1427	1	Call me Kevin Costner the way I'm guarding his body
-0.1423	0.8529	but its always someone elses fault
-0.1422	0.7059	til youre with me
-0.1421	1	that says every twenty seventh customer
-0.142	1	Am I even a person beneath?
-0.1414	0.697	then thats what youll fucking get
-0.138	1	never gonna say goodbye
-0.1379	1	I am falling, I am fading
-0.1375	1	A well
-0.1364	1	eyes destroying so sweetly
-0.1355	1	as I drown
-0.135	1	crossed every bridge chased every star
-0.1347	1	We always comfort and forgive
-0.1342	0.7857	Though I know theres no undo
-0.1339	1	Oh, I could be a canvas, I could be a doll
-0.1336	0.8947	im sorry in advance
-0.131	1	Your kindness won't betray me
-0.1303	1	I'm gonna burn this city
-0.1299	0.6923	youre not even speakin to my friends no
-0.1296	1	I'll become an asshole
-0.1296	1	visions of violence are overpowering yeah
-0.1284	1	To break international copyright law
-0.1264	0.6154	and now iiiii
-0.1255	1	Tried to correct it, well, shit, I wrecked it
-0.1225	1	So much for closure, I lost composure
-0.1221	0.8095	Guys with nametags walking down the aisles
-0.1203	1	There's nobody's son
-0.1183	0.8235	we got a number one victory royale
-0.1182	0.881	sir youre gonna have to use him eventually
-0.1178	1	You want paradise
-0.1176	1	With God as our Captain, we march side by side
-0.1164	0.7222	For now this is all we've goooooooot
-0.1161	1	Somewhere far away
-0.1156	1	Breaking this fixation
-0.1124	1	my self deceit
-0.1122	1	The airport, the airport
-0.1118	0.7955	The only air that he'll breathe's my perfume
-0.1117	1	We are
-0.1108	0.8571	Everything came second to the Benzo
-0.1096	0.7143	i wanna be your lefthand man
-0.1094	1	I can't keep living-
-0.1084	0.8438	Tryna figure this whole mess out
-0.1078	0.8	dont take away money
-0.1076	1	It is the 21st century
-0.1072	0.6857	and youre lookin for a way to crush
-0.1072	1	understand
-0.1069	1	bound and restricted
-0.1064	0.8718	scuse me sorry his kisses make me cocky
-0.1054	0.7941	its warmth and beauty will gloooow
-0.1047	0.7619	youve broken my heart
-0.1037	0.6774	i aint scared think theres more
-0.1034	1	'Til you're with me
-0.1031	1	Don't move, time is slow
-0.1027	1	I wanna belong so I must
-0.102	0.85	But the food we've stored is runnin' out
-0.1019	0.8444	And Im thinking of you dear I hope youre okay
-0.1018	1	Like phoenix taking flights
-0.1015	1	A best seller
-0.1011	0.8378	And you're lookin' for a way to crush
-0.099	0.907	by downloading mp3s from file sharing sites
-0.0986	1	Maybe Starlight's still got that spell somewhere
-0.0984	1	Tell me, are you gonna bark or bite?
-0.0983	1	let me sing forevermore
-0.0974	1	I'm gonna drive, gonna drive all night
-0.0971	1	A voice
-0.0969	1	Alone in your perception
-0.096	0.7826	didnt wanna hurt no one
-0.0952	1	You could be my baby, baby, baby
-0.0951	1	The airport
-0.0948	1	That's why I'm never gonna love again
-0.0938	1	Are you ready?
-0.0934	1	But know I ain't too proud
-0.0924	0.6471	i was just playin
-0.0919	1	Sir, you're gonna have to use him eventually
-0.0905	1	And everybody's calling me
-0.0902	1	And I'm never gonna stop until I make 'em
-0.0898	0.8837	Everyone wants a ride and pulls away, ooooh
-0.0893	1	A cell
-0.0889	1	I cant fake it
-0.088	1	my confidence has faded away
-0.0876	1	'Cause it's all bad news
-0.0876	0.7812	ive been waiting since last june
-0.0866	0.7436	The record store's where you belooooong
-0.0861	1	Burn the fucking house!
-0.0846	0.7368	but the food weve stored is runnin out
-0.0831	0.875	once weve both said our goodbyes
-0.083	0.8333	Youve been spilling for me now
-0.0823	0.8372	I'm breakin' my back just to know your name
-0.0823	1	Sense of elation
-0.0818	1	I just gotta I just gotta know
-0.0814	0.8148	Someday youll pay the price
-0.0809	1	In my sleeping bag I camped out overnight
-0.0807	1	The battle is raging
-0.0806	1	but realize the possibilities are endless
-0.0795	0.9216	feels like a cartoon clip but friendship isnt magic
-0.0791	1	Suddenly the deepness can get true
-0.0785	0.8974	i cant bear the solitary dont forget me
-0.0783	1	Please make this stop. Stop. Stop!
-0.0776	1	Going up, going down, down, down
-0.0773	0.7619	youll just sing along
-0.0761	1	Didn't wanna hurt no one
-0.0752	1	And yes I'm talking 'bout your baby
-0.0748	0.7297	with my brothers like its jonas jonas
-0.0744	1	It's winter we must clean
-0.074	0.8684	And youre looking into cold green eyes
-0.0738	0.913	Please my dear dont stop believing in miracles
-0.0737	0.7714	buying bread from a man in brussels
-0.0735	1	I'm out of favor, my worst behavior
-0.0734	0.8182	i dont ever wanna stop
-0.0725	0.9138	Closest thing to Michelle Pfeiffer that youve ever seen oh
-0.0721	1	And ships
-0.0712	1	lets finish our holiday cheer
-0.0702	1	You crack the whip,
-0.0698	0.8065	lady runnin down to the riptide
-0.0697	1	How else can I afford
-0.0697	0.7778	theyll sue you if you burn that cd r
-0.0696	0.7778	yeah im beggin him to leave me alone
-0.0695	0.7083	cause every night im talking to the moooooooooon
-0.0686	1	A bee stuck in honey
-0.0682	1	I'm ready, won't you teach me
-0.0677	1	Gonna burn this city
-0.0653	1	We'll fight for the Gospel
-0.0652	0.775	You'll burn in hell before too loooooong
-0.0647	0.8333	Tryna figure my whole life out
-0.0644	0.6667	i couldnt go go go go
-0.0629	1	la la la la la
-0.0628	0.8837	A fortune in feelings but someday youll pay
-0.0621	1	Baby, are you really down?
-0.0621	0.6667	youre all i had
-0.0614	1	kill purity
-0.0613	1	a freshly opened membrane
-0.0613	1	The Cross is our guide
-0.0611	1	ill haunt your studio
-0.0607	1	Lift you up, every time
-0.0597	1	Desperate times call for desperate measures
-0.0592	1	la la la la la la la la la la
-0.0589	1	la la la la la la la la la la la
-0.0577	1	What a familiar feeling
-0.0568	0.7222	i hope youre great
-0.0565	1	20 candles, blow 'em out and open your eyes
-0.056	1	If you're gonna if you're gonna stay
-0.0559	0.8889	I wish I could remember every second we haaad
-0.0558	1	Got real estate
-0.0553	1	Plant our tiny seeds
-0.0534	0.8529	I'm takin' this horse by the reins
-0.0531	1	I'd sacrifice it all to guide you, never have to battle alone
-0.0525	0.7222	And whether we're real or noooooooot
-0.0525	0.7222	he lived for jesus
-0.0518	1	Of the monster?
-0.051	1	pray lord have mercy
-0.0506	1	You could be my baby, baby, maybe, uh oh
-0.0495	1	And screamed
-0.0495	1	But I breathe
-0.0493	0.6333	and everythings all by the way
-0.0493	1	Oh, maybe I am nothing, maybe I am all
-0.0488	0.6154	and thats how
-0.0481	1	split
-0.0458	0.7143	dont want leave me ok
-0.0455	1	Got you wrapped around my finger, babe
-0.0449	1	And I will never, ever forget
-0.0447	1	It's a mechanical bull, the number one
-0.0441	0.8889	Or you might wind up in jail like Tommy Chong
-0.0429	1	'Cause tomorrow spring is here
-0.0429	1	But you don't get 'em back, you don't get 'em back
-0.0423	0.8125	Dont you know Im no good for you
-0.0423	0.8205	the daylight makes me feel like dracula
-0.042	0.8462	and im pins and im needles
-0.0416	1	You get hypnotized
-0.0413	1	An art
-0.0412	1	Right beside the gas station? Well, somebody bought it
-0.0409	0.9259	my neighbors think im crazy
-0.0404	0.9091	im gonna sing about it
-0.0402	1	Showered in fame, my fans adore me
-0.0378	1	ever say goodbye
-0.0376	0.7391	reach out but no sireee
-0.0374	1	The daze of blood stains, cruel and gory
-0.0367	1	My friends are saying "Shut up, Jennie, just get in the car"
-0.0349	1	A fraud at best
-0.0347	1	It doesn't matter if you're a grandma
-0.0342	1	They say I've gone mad
-0.0335	1	Turned tears into diamonds, got good at goodbyes
-0.0331	1	You say that I'm kinda difficult
-0.0323	1	But swimming in your water's something spiritual
-0.0316	1	Found a sunny spot
-0.0302	1	We'll fight for the Gospel, we'll honour his name
-0.0301	1	Better run, you better take cover"
-0.0301	0.7292	kingslayeeeer come and collect us from the night
-0.0299	1	I don't ever wanna stop
-0.0295	0.8095	yeah fortnite we bout to get down get down
-0.0284	0.8261	he just smiled and gave me a vegemite sandwich
-0.0279	1	this fantasy i cant escape
-0.0273	1	Oh, I could be a sinner, I could be a saint
-0.027	1	So I can grow emotionally
-0.0266	0.913	im gonna burn this city
-0.0263	0.8205	Breakin' my back just to know your name
-0.0249	1	Don't take away money
-0.0249	0.8077	even though youre far away
-0.0246	0.7429	dont tell me youre too blind to see
-0.0236	0.7045	will never break our hearts of goooooooooold
-0.0231	1	A heart reborn
-0.0222	0.8864	youre the magicians assistant in their dream
-0.0221	1	When you're feeling alone, do you?
-0.0219	1	not anymore
-0.0218	1	To find your destiny?
-0.0208	0.8571	Im on the edge
-0.0206	1	beauty queen on a silver screen
-0.0198	1	Overshadowed by their blinding light
-0.0195	1	I love
-0.0189	1	Its just gone Thursday
-0.0184	1	got an automobile
-0.018	0.8261	for too lo u o u o oong
-0.0154	1	Brand new socket wrenches in a plethora of styles
-0.0154	1	So if you're lonely
-0.0139	0.8611	almost as if youre actually real but
-0.0137	1	Please be true
-0.0122	0.8095	guys with nametags walking down the aisles
-0.0117	0.8519	Aint this some damn feeling
-0.011	0.7059	youve done it all
-0.0097	0.8	but nothin is better sometimes
-0.009	1	Run away, but we're running in circles
-0.0087	0.8214	if i wasnt me id copy me too
-0.0087	1	Yeah, I, I hate that I made you love me
-0.0082	1	I don't know why I didn't fight it
-0.008	1	Best of luck, my regards from his bedroom
-0.0064	1	You never take advice
-0.0062	1	Enjoy youth, cause it doesn't last
-0.0062	0.6944	theres a chest thats just down there
-0.006	0.8438	youre gonna sing the words wrong
-0.0054	1	So sorry in advance
-0.0053	1	If we met
-0.0049	0.7188	i dont know why i didnt fight it
-0.0049	0.878	I know youre a master of disguise you are
-0.0048	1	to break international copyright law
-0.0047	1	Oh, don't download this song
-0.0044	1	Never thought I'd let a rumor ruin my moonlight
-0.0033	1	Open up your gates 'cause I can't wait
-0.003	1	If he jumps, I'm jumping, no coming back for our senses
-0.0025	1	Make me complete
-0.0023	1	Gotta make you understand
-0.0021	1	Never gonna make you cry
-0.0011	1	Stepped over my body
-0.0005	1	Lights
-0.0005	1	So let's set out to sea, love
-0.0002	1	I'd never get back on track
0.0005	1	Ignite the fire
0.0013	0.7879	tore my shirt to stop you bleedin
0.0014	1	Baby, make me something 'fore I get that call, 'cause
0.002	1	You motherfucking shit
0.0023	0.8909	Hear you're lookin' for a way to fight the Corpus bride
0.0029	0.875	i know ive got a big ego
0.0031	1	Let's keep the night glowing, I don't ever wanna stop
0.0031	0.7742	ooooh im not gonna lose you now
0.0033	0.8235	the sun and moon a dazzling paaair
0.0035	0.7083	i couldnt go another day
0.0036	1	I promise to remember
0.0037	1	I'm not ready for therapy
0.0041	1	I know
0.0043	0.8571	since miss derpy the cake twins way before twi got wings
0.0059	1	I walk away
0.0068	1	Love of my life, can't you see?
0.0078	1	From his bedroom, from his bedroom
0.0089	0.8462	just dont eclipse the moon
0.0095	1	He stood unshaken
0.0098	0.8864	Takin' its toll then I'm leaving without you
0.0099	1	Girl gone reckless, this love's got me possessive
0.0105	1	If only
0.0107	0.6875	youre real to me
0.0109	0.8421	Nothin' ever ever happens in this town
0.0112	1	So quietly and nice
0.0119	0.7551	Goin' to the hard we're goin' to the goin' to the
0.012	0.8571	cause im so excited and i really dont care
0.0138	1	Take it as a sign, you're badly needed
0.0144	1	It's not enough
0.0146	1	evil will hide
0.0146	1	lifeless and cold
0.0148	0.8462	feed the flame cause we cant let gooooo
0.0149	1	Another night down, seventy-one to go
0.015	0.8966	ive been locked out of heaven
0.0152	0.8611	take it as a sign youre badly needed
0.0161	1	he discovered self control
0.0162	1	parties galas wrapping up winter and
0.0164	1	Oh, I know I won't be leaving here
0.0165	1	Her best friend Rarity, is now the enemy
0.0168	1	ill make mistakes
0.017	1	'Cause I can't stop falling down
0.0171	1	I know I know I know I know
0.0172	1	hes got renegade raider and hes probably a pro
0.0173	1	"Are we there yet?
0.0181	1	ooh
0.0197	1	inside the warm cocoon
0.0212	1	Almost as if you're actually real, but
0.0217	1	'Cause you are my medicine
0.0218	0.7895	youd never dream of
0.0231	0.9	ive got v bucks that ill spend
0.0232	0.8235	Oh all my friends are turnin green
0.0232	1	Ready let's roll onto something new
0.0235	1	we always comfort and forgive
0.024	1	I just wanna I just wanna know
0.0241	1	Let's change the game mode and we can Disco Dominate
0.0253	0.7778	i guess it goes like nanana
0.026	1	He said, "Hey, you know that vacant lot
0.0265	1	We'll honour his name
0.0275	0.913	please my dear dont stop believing in miracles
0.0286	1	I revived him, now we're heading south-bound
0.0295	0.7727	youre holding my heart
0.0306	1	Bless us all
0.0308	1	Never wanted you inside
0.0311	1	That I had in February of last year
0.0318	1	everyday is a chore chore chore
0.0318	1	Ooh ooh ooh yeah yeah
0.0324	1	But it's slipping from my grasp
0.0329	0.8276	youll take a ride from anyone
0.033	1	Sits the manatee
0.0331	1	So I don't take the blame
0.0333	1	Crying in bed
0.034	1	i drown in self deception
0.0342	1	And they're doing a promotional stunt
0.0342	1	Staring as I pass me by
0.0345	1	When Twilight learned to fly
0.0352	1	maybe baby
0.0353	0.6111	i couldnt be there
0.036	0.8378	And Ill call you when the partys over
0.0369	0.7714	that i had in february of last year
0.0377	1	Its the blackened trap
0.0381	0.8438	tryna figure this whole mess out
0.0385	1	winter wrap up winter wrap up
0.0393	1	Drop and burn 'em up and scatter their remains, I'm
0.0398	1	But no, you know I don't know
0.0403	0.8333	lets hop in an atk
0.0405	0.8235	oh lady runnin down to the riptide
0.0409	1	Like a virus in a lullaby
0.0426	0.8529	Didnt know time was of the essence
0.0426	1	hello again
0.0428	0.8095	because you dont know
0.0434	1	Put on the emotion guaranteed
0.0443	0.7895	you dont believe it
0.0444	1	desperate times call for desperate measures
0.0445	1	With noisy games and joyful tears
0.0461	1	The daylight makes me feel like Dracula
0.0471	0.8837	a fortune in feelings but someday youll pay
0.0473	1	Ever changing
0.0474	1	Even when the cold wind's blowing
0.0474	1	when twilight twilight twilight learned to fly
0.0475	1	i wanna be adored
0.0484	1	On a hippie trail, head full of zombie
0.0484	1	were astral
0.0488	1	A full commitment's what I'm thinking of
0.049	1	Its so loud
0.0494	1	I can't keep living like-
0.0494	0.9474	So many questions Im talking to myself
0.0495	0.8684	and youre looking into cold green eyes
0.0496	1	Tried to correct it, I think I wrecked it
0.0499	1	by a jumbo jet
0.0502	1	Hey dude, sorry, I found nothing on this safari
0.051	1	I will be brave
0.0511	1	ooh ooh
0.0517	1	Yo, turns out we have a secret weapon
0.0525	1	And I breathe
0.0526	0.75	but nothing iiis
0.0527	1	Puking my guts out almost hourly
0.0528	0.8125	enjoy youth cause it doesnt last
0.0531	1	how do we emerge victorious from the quagmire
0.0531	1	your kindness wont betray me
0.0532	1	A man of conviction, a heart reborn
0.0533	1	All day
0.0533	1	I know Hes working
0.0537	1	Blood clotting and my sheets stained crimson
0.0546	1	Whatever happened to
0.0548	1	Fix their homes below
0.0549	0.8684	But someday youll pay the price I know
0.0549	0.7586	run from the sun like dracula
0.0565	1	Don't come crawling back, you're on your
0.0566	1	It's not my problem
0.0567	1	You're the magician's assistant in their dream
0.0568	1	Life is full of sweet surprises
0.0572	1	suddenly the deepness can get true
0.0583	1	Eyes, burning a way to me
0.0583	0.85	for too lo u o u ong
0.0587	1	Can we pretend we're not angels through the cable?
0.0588	1	If I wane, this could die
0.0593	1	Somebody told me
0.0595	1	'Round the world we'll go
0.0597	1	stain
0.0601	1	Tell me, what are you gonna do?
0.0604	1	His courage our own
0.0617	1	We couldn't turn around
0.0619	0.8276	I dare you to doooo something
0.063	1	like phoenix taking flights
0.0632	0.9286	Now that you know Im trapped
0.0641	1	Pure hearts can never expire
0.0647	1	They'll surrender by early light
0.0662	1	A rushing a rushing around
0.0676	1	Get what I want 'cause I ask for it
0.068	1	mirror me
0.0682	1	I'm not gonna lose you
0.0682	0.9524	please im begging anybody come and save me
0.0684	1	when I feel heavy metal
0.0698	1	everyone it feeds
0.0699	0.7273	shes workin in my mind
0.0703	1	Me and only 'bout me, hey
0.0712	0.697	im thinking things i shouldnt say
0.0713	1	I'll do anything to make you mine; I'll be
0.0715	1	Buying bread from a man in Brussels
0.0718	1	Till we were upside down
0.0733	1	But it's also time to say goodbye
0.0736	0.8333	ive seen it coming
0.074	1	Said Id see you soon
0.0746	1	I want you back,
0.0749	0.878	And shes been livin' on the highest shelf
0.0751	0.8333	youve been spilling for me now
0.0759	0.8182	dont move time is slow
0.0762	1	An immigrant, you know and love, who's unafraid to step in
0.0763	1	always
0.0764	0.76	For I can't help falling in love with yoooooooooou
0.0772	1	i cant erase
0.0773	0.7925	hear youre lookin for a way to fight the corpus bride
0.0773	0.8864	Youre asking me but you know I just cant see
0.0778	1	for a minimum wage
0.078	1	Just don't eclipse the moon
0.0783	1	Not because I'm really that deserving of it
0.0784	1	cold as ice
0.0784	1	I will never get upset
0.0785	1	You better run, you better take cover"
0.0788	1	Tall boys in the Raptors
0.0792	1	There's a plastic tree
0.0796	1	Smoking cigs in the bar
0.0797	1	Even when I'm falling down
0.0807	1	tough task ahead i face
0.081	1	brand new socket wrenches in a plethora of styles
0.0814	1	He just smiled and gave me a Vegemite sandwich
0.0816	1	a distorted dream
0.0821	1	breaking this fixation
0.0823	0.7778	or you might wind up in jail like tommy chong
0.083	1	She hates time, it's not fair
0.083	0.85	theres a great big purple sign out front
0.0831	0.8649	youre gonna sing the words wrong yeah
0.0838	1	Darkness all around me
0.0839	1	It doesn't matter if you're gone
0.0845	0.9167	im not ready for therapy
0.0848	0.75	im a lie
0.0849	1	Night air, I breathe in
0.0855	1	Of another dream?
0.0858	1	A home built on Scripture
0.0861	0.7778	i really dont know
0.0861	1	You studied my crown and borrowed my body
0.0862	1	a forgiving world
0.0863	1	Now you're gone and I can't
0.0866	1	It's far too late
0.0868	0.7667	But no one can hear my cryyyyy
0.0868	1	hard bitten criminal scum you are
0.0876	1	Oh my god, what the fuck
0.0882	1	And selling crack
0.0895	1	Control betray control let go
0.0898	1	And bring back-
0.0901	1	I split the apple down symmetrical lines
0.0905	1	I've been locked out of heaven
0.0905	0.8148	someday youll pay the price
0.0909	1	Wont leave behind
0.0914	1	alone in your perception
0.0921	1	Now we're in the Pleasant Park streets
0.0924	1	But it's plain to see, my skin is
0.0926	1	I've been waiting since last June
0.0935	0.8333	tryna figure my whole life out
0.0937	1	Right now baby
0.0937	0.7812	Some things are meant to beeeeee
0.095	0.8125	i said do you speaka my language
0.0951	1	'Cause your sex takes me to paradise
0.0951	1	Always in a rush
0.0952	0.8387	when youre feeling alone do you
0.0953	1	We welcome back the southern birds
0.0957	0.8667	Dont you know too much already
0.0957	0.8958	Your legs step on the ledge of lifes afflictions
0.0958	1	I'm done dating rock stars
0.096	0.9444	im gonna drive gonna drive all night
0.0966	1	back hurry back
0.0967	1	To shine a little brighter every day
0.0968	1	Burn this city
0.097	1	Still kids afraid of being young forever
0.0973	1	The truth is eternal, the Cross is our guide
0.0981	1	You leave me broken, shattered I lie
0.0984	1	The battle is raging, the darkness will fall
0.0989	1	But I just don't know now
0.0994	1	Inspiration comes from you
0.0997	0.8462	oh dont download this song
0.1004	1	It all
0.1006	1	I need my right-hand man back!
0.1007	1	I cant take back
0.1008	1	By days and by miles, we're so far apart
0.1011	0.7805	im breakin my back just to know your name
0.1015	1	get fucked
0.1016	1	Something's got me doubting, it seems
0.1025	0.9333	Seems like Im serving you well
0.1028	1	A home built on Scripture, on faith without fear
0.1029	1	Chasing your dreams
0.1031	1	I know cold as cold as ice
0.1033	1	Tried to get a loan, when she broke Applejack's phone
0.1034	1	A twisted thought
0.1038	1	overshadowed by their blinding light
0.1039	1	Before Spike grew his wings, so far back Twist was there
0.1039	0.88	Feelin' low down down, not a lot to do around here
0.1039	1	The bitterness and pain inside
0.1045	1	Disguised as a bad girl
0.1051	1	We're no strangers to love
0.1057	1	I know, I won't be leaving here
0.1068	1	a natural disaster hey
0.1069	1	You claw yourself apart in private moments
0.1071	1	I said so
0.1073	1	Yeah, your sex takes me to paradise
0.1078	1	A holy mother
0.1093	1	does anybody know love
0.1095	1	A husband, a father
0.1102	0.8837	young eyes see everything youve ever wanted
0.1107	1	'Cause Heaven ain't close in a place like this
0.1114	1	Then that's what you'll fucking get!
0.1115	0.8387	When youre standing on the edge
0.1118	1	'Cause you start out stealing songs,
0.112	1	"Can't you hear, can't you hear the thunder?
0.112	1	it is the 21st century
0.1121	1	And please, yes, please
0.1131	1	You'll just sing along
0.1134	1	You've taken my love
0.1144	1	I could be a martyr, I could be a cause
0.1144	0.8636	I love you when you're singin' that song And
0.1146	1	Ive seen it coming
0.1147	1	ill become an asshole
0.1149	0.878	i know youre a master of disguise you are
0.1152	1	life is encrypted you are modified
0.1155	0.8056	He seemed like he was pretty coooool
0.1157	1	And our answer's always the same:
0.116	1	I'm only gonna treat you bad
0.1163	0.8462	Seasons change and our love went cooold
0.1165	1	How do I fit in without magic
0.1169	1	With God we will rise
0.1171	1	Gonna get me a flashlight and a broom
0.1172	1	I got bad intentions
0.1179	1	I'd sacrifice my life to find you, angel of the blade
0.1182	1	I must be strong now, for my kingdom's sake
0.1184	1	She threw every party, she knew every mare
0.1186	1	The stars, I believe in
0.1186	1	You don't believe it
0.1191	1	We're going down the rabbit hole
0.12	0.8529	i know exactly what youre thinking
0.1212	1	I ain't scared, think there's more
0.1214	1	cold as cold as ice
0.1214	0.8571	they say ive gone mad
0.1216	1	But despite all the distance,
0.1239	0.8611	i didnt even get to tell you goodbye
0.1246	1	Help the Earth Pony way
0.1247	0.8772	she was gonna shake her flank on the stage at trixies bar
0.1249	0.875	so distraught by what i dont see
0.1251	1	Who you wanna be
0.1252	1	I swear she's destined for the screen
0.1256	1	I didn't even get to tell you goodbye
0.1257	1	As cold as ice to me
0.1268	0.7105	i love you when youre singin that song
0.1273	1	Right now it's about me
0.1276	1	And I'm not gonna lose you now
0.1276	0.8039	tried to get a loan when she broke applejacks phone
0.128	1	Take a picture, I'm with the boys
0.1282	0.75	you were talkin business
0.1299	1	together unbroken well make heaven known
0.131	1	somewhere far away
0.1314	1	i wanted freedom
0.1318	1	We ask You bless us all
0.1328	1	'Cause I dream about you in my sleep
0.133	1	Because you don't know
0.1343	1	I leave to the airport,
0.1343	0.9211	ive learned to lose you cant afford to
0.1346	1	My hand, crush it up
0.1349	0.7872	dont you go looking back theres no looking back
0.1364	1	Under love
0.1377	1	And I swear that I'm not gonna lose you now
0.1379	0.7209	thats how my life is you couldnt write this
0.1399	1	The loving family I hold dear
0.14	1	How does a ragtag volunteer army in need of a shower
0.1401	1	On faith without fear
0.1401	1	what a familiar feeling
0.1402	1	are foolish
0.1405	1	A man of conviction
0.1405	1	I get the message, I learned my lesson
0.141	0.9487	cause any minute now im gonna be inside
0.1411	1	id sacrifice it all to guide you never have to battle alone
0.1422	0.881	everyone wants a ride and pulls away ooooh
0.1423	1	I see her wings and I'm not cold
0.1423	1	The strength for what I've been assigned
0.1424	0.8571	and on that spot theyre gonna build a shop
0.1424	0.8	now youre gone and i cant
0.1428	1	You'll take a ride from anyone
0.1429	0.84	Dont give up on your life
0.1436	0.84	dont take it away from me
0.1439	1	Can't I just stay here
0.1441	1	In my fantasy, we're both in dresses in the ballroom
0.1443	0.7812	so run from the sun like dracula
0.1444	1	Dark angels will run with scissors
0.1445	1	Even when I tried
0.1449	1	Oh, I could be a difference, I could be the same
0.1457	0.8333	but they dont understand
0.1459	1	you want paradise
0.1467	1	And clearing all the gloomy skies
0.1467	1	I really don't know
0.147	1	A face returned to ashes
0.1489	0.9394	im out of favor my worst behavior
0.1503	1	Control control control release
0.1503	1	get ya right-hand man, back
0.1507	1	Nothing but a shadow, it seems
0.151	1	I can be whatever everybody wants
0.151	1	Ive learned to lose you cant afford to
0.1511	1	a fruit
0.1512	1	We carry the flame
0.1516	0.7857	ive been there
0.1517	1	In my button up shirt
0.1517	1	in my sleeping bag i camped out overnight
0.1518	1	And what I find is kinda scary, makes me just wanna drive
0.1519	1	the battle is raging
0.1521	1	'Cause I've been looking at you so long, now I only see me
0.1523	1	When I grow older
0.1528	0.8571	everything came second to the benzo
0.1539	1	First edition of a lip read
0.1539	0.8723	maybe you dont understand what im going through
0.154	1	up on melancholy hill
0.1541	1	i cannot lie i feel defeated
0.1546	1	Don't take it away from me
0.1553	0.7222	one day youll know
0.1557	1	Never gonna run around and desert you
0.1557	1	You now desert me
0.1562	1	we are charlie kirk
0.1566	0.7368	the record stores where you belooooong
0.1576	1	So won't you sing it loud
0.1577	1	I'm miles above the street
0.1578	1	blood clotting and my sheets stained crimson
0.1578	0.8889	i wish i could remember every second we haaad
0.1579	0.7812	im takin this horse by the reins
0.1581	1	And every day I think that I'm about to crack
0.1583	1	Tightly controlled and determined for me, yeah
0.1589	1	You cant push it underground
0.1602	0.8519	aint this some damn feeling
0.1602	1	I don't know a single thing, and I'm so lonely
0.1605	1	I spin around
0.1612	1	...bring out the best in me, don't even try
0.1612	1	baby kiss me
0.1616	1	Seventeen tracks and I've had it with this game
0.1617	1	All of these doubts, I will cast them aside
0.1618	1	bass is bout to blow
0.1618	1	cant explain
0.1618	1	You had a boyfriend
0.1623	1	artificial til the day you die silly program
0.1635	1	She was gonna be a princess, she was gonna be a star
0.1643	1	I'm feeling like I'm famous, the talk of the town
0.1645	0.8235	oh all my friends are turnin green
0.1648	1	Its just six thirty
0.1649	1	gonna burn this city
0.1655	1	ready lets roll onto something new
0.1664	1	In us it echoes
0.1666	1	Run from the sun like Dracula
0.1676	0.92	im done dating rock stars
0.168	1	Do you wanna tear my heart out?
0.1682	1	You circled me inside my room
0.1686	1	Waiting for the signal, baby, never make a sound
0.1692	1	And it's all bad news
0.1692	0.9231	the strength for what ive been assigned
0.1696	1	Got balls of steel
0.1704	1	i cant sleep
0.1707	1	and adore
0.1715	1	but swimming in your waters something spiritual
0.1716	0.8361	If you join us right now, together we can turn the tiiiiiiide
0.1717	1	I'm out of control and I
0.1717	1	Love of my life, don't leave me
0.1718	1	turned tears into diamonds got good at goodbyes
0.172	1	I wanna break this spell
0.1722	1	Sky is turning blue
0.1726	1	It's like the moment I woke up
0.1732	1	We march side by side
0.1734	1	I just wanna tell you how I'm feeling
0.1734	1	To the airport
0.1735	1	This sword will sweep all the enemies away
0.1736	0.9355	you say that im kinda difficult
0.1739	0.8696	hey broski you got some heals and a shield pot
0.1739	1	I turn back and I attack
0.1742	1	But deep in your heart,
0.1747	1	Pop that pretty question
0.1753	1	You help me spread my wings, so I can fly
0.1758	1	Watch me as I eat my heart out, dispossessed
0.1766	1	But why try growing up too fast?
0.1773	1	plant our tiny seeds
0.1774	1	gotta make you understand
0.1778	1	Never gonna give you up
0.1779	1	Does it even matter? I could never tell
0.178	1	You only say that 'cause I'm not around, not around
0.1782	0.875	you can take me to moisty mire but not loot lake
0.1786	1	a bee stuck in honey
0.1788	1	Get the fuck up, wake the fuck up
0.1789	0.92	lets keep the night glowing i dont ever wanna stop
0.1793	1	I'm not gonna lose you now
0.1805	0.7667	i wouldnt let me near your dad
0.1813	1	Love of my life, you've hurt me
0.1815	1	We both
0.1818	1	Doomed to want
0.1836	1	Any man or woman who wants him, I'll have for breakfast
0.1839	0.8529	didnt know time was of the essence
0.1841	1	I just wonder what it's gonna take
0.1841	1	Your heart's been aching, but you're too shy to say it
0.1842	1	Now, I've learned it's better living in the moment
0.1847	1	I breathed
0.1852	1	If I move, this could die
0.1856	1	We reach for You
0.1857	1	with noisy games and joyful tears
0.1861	1	20 candles blow em out and open your eyes
0.1862	1	Maybe you don't understand what I'm going through
0.1868	1	Even their blackened bones wont stop the trap
0.187	1	A very so merry night we hold dear
0.1876	1	Curled into a ball
0.1876	1	Full of holes
0.1879	1	With proper care and sunshine
0.188	1	So real
0.1888	1	I fell into ya, I fell into ya
0.1893	1	That boy is corrupt
0.1903	1	And I will stretch out my wings, touch the sky
0.1904	1	And I don't mean to open every picture I saved up
0.1907	0.8611	I can see youre standing on the edge
0.1911	1	Never gonna let you down
0.1912	1	I couldn't go another day
0.1912	1	With the edges sawn off
0.1917	1	Now my address is his mattress in his bedroom
0.1922	0.9167	ive witnessed love and all its might
0.1926	1	Check for pulse
0.1927	0.8222	but you dont get em back you dont get em back
0.1927	0.7727	when youre close to me
0.1927	1	You say, "say when", the when is now
0.1942	1	Inside, we both know what's been going on
0.1945	0.8958	your legs step on the ledge of lifes afflictions
0.1946	1	What it is Ive done wrong
0.1947	1	Cause we are
0.1947	0.9286	Im exactly where you want me
0.1949	1	So now is gold
0.1956	1	never gonna make you cry
0.1979	1	countless tears i had to cry
0.198	1	Once in a while,
0.1982	1	I'm here to the end, I'll say it again
0.1983	1	I wanna grow the apple, keep all the seeds
0.1987	1	You're gonna sing the words wrong
0.1991	1	puking my guts out almost hourly
0.1991	1	wake up
0.1994	1	cold as cold as
0.1997	1	you motherfucking shit
0.1999	1	I'm so happy happy now just to be alive
0.2001	1	Another world
0.2002	1	sense of elation
0.2007	1	Sinking in my teeth
0.2015	1	put on the emotion guaranteed
0.2016	1	Eyes, boring a way through me
0.2016	1	I had to tell ya, it's now or never
0.2017	1	A shame, you seemed an honest man
0.2024	1	I met a strange lady, she made me nervous
0.2024	1	you studied my crown and borrowed my body
0.203	0.9118	whats he gonna do on the bench ami
0.2039	1	We could be
0.204	0.9348	Each other's bodies in the arms as we lie und-
0.204	1	Nothing
0.2047	1	Dance with me
0.2047	1	We wouldn't have it any other way"
0.2054	0.8276	love of my life youve hurt me
0.2054	1	Now somebody told me
0.2055	1	And over bruises you put plasters on
0.2055	1	you get hypnotized
0.206	1	Feels like you never understand me, so I just wanna drive
0.2061	1	Where we can go buy bolts and screws"
0.2064	1	i split the apple down symmetrical lines
0.2068	1	Wear a necklace of hope
0.2081	1	A husband, a father, his family held near
0.2088	0.9348	seventeen tracks and ive had it with this game
0.2089	1	life is full of sweet surprises
0.209	1	clouded mind
0.2093	1	Oh oh oh my savior
0.2093	1	Three months of winter coolness
0.2097	1	Can we get a win this weekend?
0.2097	0.7857	though i know theres no undo
0.2098	1	Since when were Changelings considered good guys
0.2098	1	You fucked up your last try,
0.2099	1	Stretching out you somehow reach me
0.2106	1	Of all of our failures
0.2107	0.8846	And you gon' hear about it
0.2115	1	So their families can grow!
0.2119	1	You crack the whip
0.2123	1	Bless us all, who gather here
0.2123	0.7381	i love you when youre singin that song and
0.213	1	Well somebody told me
0.2131	1	I never said
0.2132	1	you never take advice
0.2133	1	still kids afraid of being young forever
0.2134	0.9048	im not gonna lose you
0.2135	1	All the lights dimming down, down, down
0.2146	1	You could be my baby boy, they, lady
0.2147	0.9487	Yeah Im exactly where he wants me to be
0.2148	1	Dressed in all his fancy clothes
0.2154	1	I fell into a crack
0.2155	0.9259	im only gonna treat you bad
0.2157	1	Let's keep the night glowing
0.2161	1	the daze of blood stains cruel and gory
0.2167	1	you claw yourself apart in private moments
0.2176	1	got you wrapped around my finger babe
0.2176	1	you're all I had
0.2183	1	And so the balance shifts
0.2187	1	and hes skipping my heart double dutch
0.2191	1	And deep down there somethings burning
0.2203	1	You will remember
0.2204	1	And I can see right through, ooh-ooh, like shadows on the moon
0.2206	1	I felt the compression
0.2211	1	They took my name, my life, and my identity
0.2213	0.8333	so i dont take the blame
0.2226	1	Even though you're far away
0.2227	1	Can't you hear, can't you hear the thunder?
0.2229	1	I could be a friend, or I could be a foe
0.2233	1	i promise to remember
0.2234	1	From now on only actors
0.2236	1	You've broken my heart
0.2239	1	But the problem is he's mine, and it's headline news
0.224	0.92	im miles above the street
0.224	1	we are charlie kirk his courage our own
0.2243	0.8636	I love you when you're singin' that song and
0.2246	1	Not going back
0.2248	0.9143	ive brought together dark and light
0.2251	1	never thought id let a rumor ruin my moonlight
0.2256	1	Wise men say only fools rush in
0.2259	1	whats happening now
0.2266	0.8276	i dare you to doooo something
0.2267	1	But I can't help but get so angry you don't listen
0.2268	0.84	but know i aint too proud
0.2275	1	one cupcake a day still shocked that rainbows gay
0.2276	0.8444	and im thinking of you dear i hope youre okay
0.2278	1	But please
0.2283	1	No one has more resilience
0.2285	1	never wanted you inside
0.2285	1	to shine a little brighter every day
0.2289	1	pure hearts can never expire
0.2289	1	Your body aches from marching up your mountains
0.229	1	Do my best today
0.2291	0.7143	and whether were real or noooooooot
0.2298	1	It's just so much to do
0.2304	1	I can't read the messages, they come so slowly
0.2307	1	Like a river flows surely to the sea
0.231	1	Will get a ball peen hammer free
0.2311	0.9524	not because im really that deserving of it
0.2315	1	stepped over my body
0.2315	1	You know I say that I am better now, better now
0.2316	1	Bless us all with playful years
0.2316	1	we welcome back the southern birds
0.2319	1	Dark angels will run with scissors, cutting off three of my fingers
0.232	0.8158	breakin my back just to know your name
0.232	1	found a sunny spot
0.232	1	I buy time
0.2321	0.8	in a way youll never know
0.2322	0.7812	we wouldnt have it any other way
0.2333	1	Oh, I want to live 'em all one by one, one by one
0.2337	1	Lets just let it go
0.2341	1	how does a ragtag volunteer army in need of a shower
0.235	0.8	theyll treat you like the evil
0.2353	1	a kiss
0.2361	0.8462	seasons change and our love went cooold
0.2363	0.9273	an immigrant you know and love whos unafraid to step in
0.2369	1	We can end this war at Yorktown, cut them off at sea, but
0.237	1	But something inside is dancing with fire
0.2374	1	Living life like I'm in a dream
0.2379	1	Just a feeling that I wont
0.238	1	I was facing all my fears
0.2386	1	like a virus in a lullaby
0.2394	1	How will I do without my magic
0.2398	1	best of luck my regards from his bedroom
0.2399	1	Living life like I'm in a play
0.24	1	So run from the sun like Dracula
0.2402	0.7812	some things are meant to beeeeee
0.2406	1	then you're robbing liquor stores
0.2407	0.9107	I'm only tryin' to visit with you one by one, one by one
0.2415	1	I sit by myself
0.2417	1	so sorry in advance
0.2418	1	with god as our captain
0.2422	1	oh woah oh woah
0.2429	1	Why it's such a big deal, though
0.2434	1	just wiped out tomato town
0.2442	1	a sky
0.2442	1	Are you
0.2443	1	His hand in mine, his initials in my necklace
0.2444	1	So fine and so deceiving
0.2448	1	I can remember every moment being me
0.245	0.8182	i dont get the messages they dont come to me
0.2454	1	Aiming with your weapon
0.2454	0.9375	and im sad to the core core core
0.2455	1	I leave alone and
0.2456	0.7931	i go to france for more funds
0.2457	1	Oh oh ooh oh
0.2458	1	its the blackened trap
0.2459	1	a rushing a rushing around
0.2461	1	Where's the fireworks filled with string cheese
0.2462	0.7895	i say you dont show
0.2467	1	I'm thinking things I shouldn't say
0.2468	1	I hope you're great
0.2473	0.8056	he seemed like he was pretty coooool
0.2473	1	I can barely brush my teeth or comb my hair
0.2476	1	control betray control let go
0.2477	1	i just gotta i just gotta know
0.2478	1	id never get back on track
0.2483	1	got real estate
0.2483	1	Where beer does flow and men chunder
0.2484	1	When all I wanna do is try
0.2489	1	gonna get me a flashlight and a broom
0.2491	1	Or am I a fool who sits alone talking to the moon?
0.2494	1	an egg
0.2494	1	Saw this moment coming from afar
0.2497	1	And now is gold
0.2503	0.9	i wanna know where you go when youre feeling alone
0.2504	1	Buy a big diamond ring for me
0.2513	1	I don't know how I can find
0.2514	1	So long
0.2515	1	And I can't help but see
0.2515	0.7667	but no one can hear my cryyyyy
0.2517	0.8438	i know youre somewhere out there
0.2528	1	What you got to lose?
0.2531	1	May the bridges that we burn
0.2537	1	Bless us all, that as we live
0.2539	0.8667	dont you know too much already
0.2539	1	You wanna fight for your land back?
0.2539	1	You're gonna sing the words wrong yeah
0.2541	1	Take me out
0.2543	0.7941	i wouldnt let me near your friends
0.2546	0.875	We were lookin' forward to the rest of our lives
0.2551	0.9231	im ready wont you teach me
0.2553	0.7317	theres this movie that i think youll like
0.2559	1	the bitterness and pain inside
0.2563	1	Ooh ooh ooh yeah yeah yeah yeah yeah
0.2571	1	Are you circling the drainpipe, getting off on pain like
0.2576	1	you'll
0.258	1	a best seller
0.2583	1	so quietly and nice
0.2588	1	He said
0.259	1	They'll treat you like the evil,
0.2595	0.95	Im trapped in this body and cant get out
0.2597	1	Probably should have guessed
0.2601	1	Into the depth of your disappear
0.2604	1	I was scared of pretty girls and starting conversations
0.2604	1	Two for no
0.2609	1	Another foreign or a bigger chain
0.2618	0.7895	you say you dont go
0.2619	1	showered in fame my fans adore me
0.2623	1	So my life is a blade
0.2624	1	a big tease
0.2624	1	I've witnessed love and all its might
0.2625	1	And if you ask me how I'm feeling
0.2627	1	You know you gotta get ya right-hand man back
0.2628	1	Young eyes watch life unfurl
0.2631	0.7895	i say you dont know
0.2633	1	Do you really wanna twist a knife in the belly
0.2636	0.8387	when youre standing on the edge
0.2637	1	Ghost in the machine
0.2637	1	I wont let you
0.264	1	The days go by so uniformly
0.2642	0.8947	i think im drowning
0.2644	1	ooh ooh ooh yeah yeah
0.2649	0.8621	Dont you give up on your life
0.2651	1	I will not bend
0.2655	1	wheres the fireworks filled with string cheese
0.2656	0.8333	takin its toll then im leaving without you
0.266	1	So many so many regrets bring me to tears
0.2661	1	Try to give me meaning, it's a losing game
0.2662	1	Never had much faith in love or miracles
0.2663	1	Hopping line after line
0.2664	1	Sorry if I made me your type
0.2664	1	There's a great big purple sign out front
0.2665	0.7895	i say dont you know
0.2666	1	And the shame would leave a permanent scar
0.2666	1	Even though I know
0.2666	0.7895	still you dont know
0.2667	1	I know I won't be leaving here
0.2684	1	But I can see right through ooh-ooh
0.2684	0.8723	Our common goal was waitin for the world to end
0.2686	1	To get your right-hand man back
0.2687	1	Oh yeah yeah
0.2691	1	I could be a woman, I could be a man
0.2695	1	till we were upside down
0.2697	1	Don't tell me you're too blind to see
0.2699	0.8378	nothin ever ever happens in this town
0.2705	1	i cant fake it
0.2709	1	This guy decides to quit his job and heads to New York City
0.2712	1	I have no idea what I am talking about
0.2714	1	inspiration comes from you
0.2715	1	Caught up in routine
0.2717	1	"Do you come from a land down under?
0.2717	1	For I am here and I've nothing to hide
0.2722	1	But they don't understand
0.2722	0.8889	youre a puppet when they cut your strings off
0.2728	1	I don't get the messages, they don't come to me
0.2731	1	he stood unshaken
0.2738	1	But Heaven ain't close in a place like this
0.274	0.8125	dont you know im no good for you
0.2742	1	You'll think that's okay
0.2743	1	That deep down there somethings burning I know
0.2743	1	whatever happened to
0.2745	1	fix their homes below
0.2749	1	we are charlie kirk we carry the flame
0.2756	0.8462	I love you when you're singin that song
0.2765	1	how I wish I could
0.2765	1	when i feel heavy metal
0.2779	1	I'm just a shot away from you
0.2781	0.7551	for i cant help falling in love with yoooooooooou
0.2786	1	Spilling it to me
0.279	1	the airport the airport
0.2799	1	anything for the crown crown crown
0.2799	1	I go to France for more funds
0.28	1	make me complete
0.2808	1	dark angels will run with scissors
0.281	1	a rot
0.2817	0.9394	and yes im talking bout your baby
0.2818	1	ill be okay
0.2819	1	"Are we there yet
0.282	1	never
0.2822	1	I can't stop falling down
0.2825	0.902	your hearts been aching but youre too shy to say it
0.2828	1	i swear shes destined for the screen
0.2828	1	so much for closure i lost composure
0.2829	1	A personal hell
0.2833	1	never gonna run around and desert you
0.2834	1	Spinning out the silk
0.2846	1	I can't tell you why
0.2864	1	The truth is eternal
0.2865	1	this sword will sweep all the enemies away
0.2877	1	smoking cigs in the bar
0.2879	1	and clearing all the gloomy skies
0.288	1	In my reflection I saw nothing looking back
0.288	1	The shadows, yeah, they keep me pretty like a movie star
0.2883	1	Here is my grave
0.2889	1	You ballroom dance with hollow how are yous
0.289	1	Fill the void up with celluloid
0.2894	1	Pure hearts can never die
0.2896	1	You are all I long for all I worship
0.29	0.8667	no yeah im good
0.2902	1	cause tomorrow spring is here
0.2904	1	Well, I hope they open soon
0.2906	1	Just to let you in to dry my tears, but
0.2909	1	Checking me
0.2909	1	even their blackened bones wont stop the trap
0.2909	1	You just copy everything we do
0.2915	1	I'll take them in stride
0.2916	1	control control control release
0.2917	1	When I was young
0.2919	1	darkness all around me
0.2922	1	i can be whatever everybody wants
0.2922	1	You're a puppet, when they cut your strings off
0.2924	1	Shaving off the numbers of this fucking body
0.2925	0.9474	im so happy happy now just to be alive
0.293	1	Warm, kissed by the sun, then cold like the wind
0.2934	0.9412	Im exactly where you want me to be
0.2936	1	Blink your eyes
0.2937	1	If I saw him in this light, I'd want him too
0.2941	1	Aiming for the triumph and never lose again
0.2946	1	a fraud at best
0.2946	1	I guess the apple could turn yellow or green
0.295	1	Drain the blood from this abscess
0.295	1	in my regrets
0.2955	1	Look into the mirror, tell me what I am
0.2956	1	In the darkness I would never leave
0.2965	1	You cant stop it screaming out
0.2966	0.9474	so many questions im talking to myself
0.297	1	Young eyes see everything you've ever wanted
0.2975	1	I only say that 'cause you're not around, not around
0.2981	1	i will never get upset
0.2986	1	now my address is his mattress in his bedroom
0.2994	1	I'm born again every time you spend the
0.2995	1	You can count on me to misbehave
0.2996	0.8378	and ill call you when the partys over
0.2998	1	from his bedroom from his bedroom
0.2998	1	I'll keep you in my life somehow
0.2999	1	and ill burn
0.2999	0.8333	but i just dont know now
0.2999	1	I couldn't be there
0.2999	1	I'm on the verge of caving in, I run back to the dark
0.3003	1	the airport
0.3005	1	But a voice within me says:
0.3008	1	i know cold as cold as ice
0.3009	1	What the fuck, make it stop
0.3016	1	'Cause when the sun goes down, someone's talking back
0.3019	1	Take my hand, take my whole life, too
0.302	1	I wouldn't let me near your dad
0.3026	1	The twilight will rise
0.3027	1	The darkness will fall
0.303	1	Who looked like a girlfriend
0.3032	1	You've done it all
0.3032	0.8864	youre asking me but you know i just cant see
0.3035	1	I'm running kind of low on mats, I need to break some stone
0.3041	1	And I am ready to move on
0.3046	0.6889	goin hard goin to the hard yes im goin to the
0.3047	1	ignite the fire
0.3049	1	I can't be helped because I love to play the victim
0.3051	1	I said oh Heaven ain't close in a place like this
0.3057	0.8929	i know theres lots of different nuances to you and to me
0.3061	0.8824	You dont have to do this all alone
0.3063	1	Do you ever hear me calling?
0.3064	1	a heart reborn
0.3064	0.7778	that you dont know
0.3066	0.9091	Aint all of us just looking for some healing
0.3075	1	his courage our own
0.3082	1	cause i barely tried
0.3085	1	And never regret a thing
0.3086	1	And we stand tall
0.3088	1	Under the snow and ice
0.3096	1	I'm buying it all up in outer space
0.3099	1	Realise I fall along with you
0.31	1	and screamed
0.31	0.8684	but someday youll pay the price i know
0.31	1	He took me off the market, so I took him to The Ritz
0.3107	0.92	im not gonna lose you now
0.3107	1	See how she dances and
0.3107	1	That we could some day have a sleepover and cradle
0.3115	1	Another critic in the front seat
0.3117	0.8571	i cant tell you how youve helped me
0.3117	1	We wake up all their sleepy heads
0.3118	1	Bringing home the southern birds
0.3119	1	When you give I want more, more, more
0.3126	1	disguised as a bad girl
0.3128	1	That's how my life is, you couldn't write this
0.3131	1	Pleased to meet you
0.3132	1	You're real to me
0.3133	1	"The truth is that it's tough, and yet
0.3136	1	But you just went and made it fun,
0.3136	1	i wanna belong so i must
0.3136	1	Your song of kindness
0.3146	1	And on that spot they're gonna build a shop
0.3151	0.871	and you dont seem to understand
0.3151	1	Eyes lit like the sky
0.3154	1	Replicate this moment from a million miles away
0.3154	1	sits the manatee
0.3158	1	please be true
0.3163	0.875	and shes been livin on the highest shelf
0.3163	1	He stood unshaken, a voice in the storm
0.3164	1	Where women glow and men plunder
0.3169	0.8095	you say you dont know
0.3181	1	'Cause you make me feel like
0.3182	1	But our fates will draw us together in flames
0.3187	1	lets change the game mode and we can disco dominate
0.3195	1	Breaking breaking breaking the shell
0.3201	1	cant hear me anymore
0.3206	1	I don't care what they say, the future is ours
0.3211	1	We could lead
0.3212	1	the battle is raging the darkness will fall
0.3213	1	cant get enough
0.3223	1	My friend just got downed
0.3224	1	see those hacksaws very very soon
0.3229	1	I feel my body calling
0.3231	1	right beside the gas station well somebody bought it
0.3232	1	with god as our captain we march side by side
0.3233	1	on a hippie trail head full of zombie
0.3236	1	you cant push it underground
0.3238	1	Embraced by the flames I can not see anything right now
0.3239	1	Used to keep my picture posted by your bedside
0.324	1	I know exactly what you're thinking
0.3243	1	Oh, I can still remember all the lessons you gave me
0.3248	1	Like if you lay a hand on him, we're both getting arrested
0.3249	1	Show me have I lost my own
0.325	1	its winter we must clean
0.3251	1	Bring it back, bring it back
0.3252	1	And I got a lump in my throat cause
0.3252	1	I'll be the bad guy now
0.3252	1	In a way you'll never know
0.3252	0.8056	life it goes on what can you doooooo
0.3254	1	I have to go somewhere
0.3254	1	Now Cheese is, in high school, he tells her that she's a fool
0.3258	0.8605	i dont know a single thing and im so lonely
0.3261	1	One day you'll know
0.3264	1	I can't read the messages, they come so quickly
0.3271	0.8611	i can see youre standing on the edge
0.3272	1	I think the apple's rotten right to the core
0.3278	1	your body aches from marching up your mountains
0.3282	1	ill never go
0.3292	1	I pressed my nose right up against the glass
0.3301	1	But the memories of my home forever remain
0.3312	1	Don't you go looking back, there's no looking back
0.3314	1	fantasy were both in dresses in the ballroom
0.3319	0.907	anything goes but dont blink you might miss
0.3324	0.8205	you wouldnt get this from any other guy
0.3325	1	If I choose to not let go
0.3329	1	you circled me inside my room
0.3334	1	a very so merry night we hold dear
0.3334	0.92	even when im falling down
0.3337	1	first edition of a lip read
0.334	1	I've brought together dark and light
0.3349	0.8333	if you join us right now together we can turn the tiiiiiiide
0.335	1	I could go to heaven, I could go to hell
0.3351	1	Still you don't know
0.3352	0.9474	a full commitments what im thinking of
0.3352	1	Maybe leave the clutch you hold tight
0.3355	1	chasing your dreams
0.3365	1	girl gone reckless this loves got me possessive
0.3365	0.9615	if he jumps im jumping no coming back for our senses
0.3365	1	show no mercy
0.3366	1	I'll hear your voice again
0.3369	1	We were in the studio
0.3373	1	and over bruises you put plasters on
0.3373	1	cutting
0.3375	1	His family held near
0.3376	1	Would it be a sin
0.3384	1	yo turns out we have a secret weapon
0.3385	1	Fills me up with laughter
0.3387	0.8571	im on the edge
0.3387	0.8438	oh i i know youre hurting i know
0.3389	1	and deep down there somethings burning
0.339	0.8333	youre only the love of my life
0.3393	1	I wanna play the game
0.3394	1	I know I tried to count 'em all one by one, one by one
0.3404	0.8723	i know life can be a bitch some call her monday
0.3406	1	I am never making scenes again
0.3407	0.84	dont give up on your life
0.3409	1	run away run away run away
0.341	1	Hope dies when it won't come true
0.3415	1	I'm just a shot, then we can die
0.3416	0.8605	I love you when you're singin that song and
0.3417	1	stretching out you somehow reach me
0.3418	1	somebody told me
0.3423	1	You make the decision, and that's all I know
0.3424	1	even when the cold winds blowing
0.3426	1	Not many not many notice nor care
0.3427	1	id sacrifice my life to find you angel of the blade
0.3427	0.8545	we can end this war at yorktown cut them off at sea but
0.3428	1	Lip stain on the rim
0.343	1	I wait, this could die
0.3432	1	Show me your brave heart
0.3435	1	run away run away
0.3441	1	a man of conviction a heart reborn
0.3445	1	i was scared of pretty girls and starting conversations
0.3446	1	Can I just stay here
0.3447	1	a face returned to ashes
0.3449	1	And even though I love my boots
0.345	1	One for yes
0.3451	1	I want the friction
0.3458	1	But they don't know what I know
0.3461	1	Instead of trying one more time?
0.3461	1	with proper care and sunshine
0.3474	1	ill try
0.3475	1	And they come unstuck
0.348	1	That life could be sweet
0.3496	1	so i can grow emotionally
0.3498	1	i got bad intentions
0.35	1	but something inside is dancing with fire
0.3503	1	cave in
0.3504	1	I cling to hope, though I know you're not coming back
0.3512	1	From my head to toe
0.3515	1	The world tried to silence
0.3518	1	and selling crack
0.3524	0.8788	weve known each other for so long
0.3525	1	I'll never leave this floor
0.3527	1	You know, I had to be first in line
0.3533	1	Crush all the beasts that hide behind
0.3535	1	i just wanna i just wanna know
0.3537	1	Found me breaking out of blackout
0.3538	1	cold as ice i know
0.3541	1	And how much I have grown
0.3541	1	I got a feeling that I just
0.3542	1	she threw every party she knew every mare
0.3544	1	May the burning stone walls that are surrounding me
0.3544	1	Seal all lies from me
0.3545	1	wont leave behind
0.3549	1	All I ever wanted was the world
0.3551	1	its a mechanical bull the number one
0.3558	1	I don't think I'm even something real at all
0.3558	1	three months of winter coolness
0.3564	1	take me to loot lake
0.3569	1	Before you take off your pants
0.3584	0.9167	but i cant help but get so angry you dont listen
0.3588	1	as i drown
0.3598	1	on faith without fear
0.36	1	I know life can be a bitch some call her Monday
0.36	1	somethings got me doubting it seems
0.3603	1	Look at the map, go to the marked sheet
0.3604	0.8621	love of my life dont leave me
0.3606	1	Underneath that soft and gentle smile you put on this morning
0.3607	1	But maybe I could build a life that's real to me
0.3608	1	Done being the sad girl
0.3611	1	Maybe sick of running to let in small tears
0.3612	1	dressed in all his fancy clothes
0.3613	1	We move the clouds
0.362	1	oh woah oh woah oh
0.3622	1	I wanna know where you go when you're feeling alone
0.363	1	pop that pretty question
0.3633	1	No ground beneath your feet
0.3636	1	i can barely brush my teeth or comb my hair
0.3636	0.9474	im born again every time you spend the
0.3639	1	And we can't grow in this cold
0.364	1	but its slipping from my grasp
0.364	1	when twilight learned to fly
0.3641	1	We know the game and we're gonna play it
0.3651	1	Could you ever love someone like me?
0.3653	1	The only thing I cannot give up away is my ash
0.3655	1	"I come from a land down under
0.3656	1	They can look, but they can't ever touch
0.3657	1	Eyes move, this can die
0.3658	0.9487	and im never gonna stop until i make em
0.3662	1	But I know that you
0.3666	1	He sure fucked me up
0.3666	0.9286	im exactly where you want me
0.3669	1	To take me out
0.367	1	a twisted thought
0.367	1	like a river flows surely to the sea
0.3672	1	tell me are you gonna bark or bite
0.3678	1	Anything goes but don't blink you might miss
0.3679	1	I can't hear the messages, they just don't let me
0.3681	1	Take and leave
0.3684	1	We rise with his spirit
0.3689	1	I let it all surround me
0.3692	1	Have so much power
0.3694	1	Rows of garden hoses that go on for miles and miles
0.3695	1	she was gonna be a princess she was gonna be a star
0.3696	1	Despite those around who may tell me I'm wrong
0.3696	1	I do not understand
0.3697	1	i wanna break this spell
0.37	1	Everything that I can say is spoken for me, yeah
0.37	1	tightly controlled and determined for me yeah
0.3702	1	do you really wanna twist a knife in the belly
0.3705	1	And every path will bring me back from where I roam
0.3706	0.88	what it is ive done wrong
0.3707	1	And you don't seem to understand
0.3713	1	Are you trying
0.3716	1	I can't have it I can't have it any other way
0.3717	1	We both saw this moment coming from afar
0.3724	0.8723	our common goal was waitin for the world to end
0.3733	1	I wanna throw the apple into the sky
0.3739	1	With words that I
0.3743	1	That you don't know
0.3744	0.8929	my friends are saying shut up jennie just get in the car
0.3746	1	Now it's in your dresser with the socks you don't like
0.3747	1	I love you
0.3751	1	I wouldn't let me near your friends
0.3752	1	'Cause she thinks her friendships died
0.3756	0.9038	If youre listening to this I need you to hear me now
0.3758	1	Got demons in your head
0.3764	1	I was so broken over you
0.3766	1	i can remember every moment being me
0.3767	1	burn the fucking house
0.3768	1	ever changing
0.377	1	All of the time but I'm never sure why I need you
0.3781	1	the cross is our guide
0.3782	1	And I still hear the echoes
0.3783	1	darling so it goes
0.3784	1	But my phone don't work, and his phone don't work, and his
0.3784	1	Can they see the person beneath?
0.3785	0.9091	ive seen you with your other dude
0.379	1	Love of my life
0.379	1	Of another dream
0.3796	1	and the shame would leave a permanent scar
0.38	0.9429	man its a crisis im never like this
0.3801	1	where beer does flow and men chunder
0.3802	1	And now I'm sure this is what we're here for
0.3802	1	I've been there
0.3805	1	i will be brave
0.3806	1	And won't you sing it long
0.3806	1	I was scared of dentists and the dark
0.3814	1	You made it your mission
0.3818	1	They made my life and everything I'll ever see
0.382	1	dark angels will run with scissors cutting off three of my fingers
0.3823	1	cause your sex takes me to paradise
0.3824	0.898	i only say that cause youre not around not around
0.3831	0.8571	i dont think im even something real at all
0.3831	0.95	im trapped in this body and cant get out
0.3831	1	will get a ball peen hammer free
0.3833	0.913	im feeling like im famous the talk of the town
0.3835	1	I said a prayer for you I hope its working
0.3837	1	bless us all with playful years
0.3838	1	The fear is gone
0.3838	1	wise men say only fools rush in
0.3839	1	From these white sheets, I got the best view
0.3842	1	The happiness you made me feel
0.3843	1	in my button up shirt
0.385	0.898	Youre closing the door you leave the world behind
0.3858	1	If eyes move, this could die
0.3858	1	so many so many regrets bring me to tears
0.386	1	her best friend rarity is now the enemy
0.386	1	never gonna give you up
0.386	1	never had much faith in love or miracles
0.3861	1	Like dusk chased by the ending day
0.3868	0.9444	i just wanna tell you how im feeling
0.3876	1	a man of conviction
0.3882	1	la la lo la la loyal to the end of time
0.3884	1	can we pretend were not angels through the cable
0.3885	0.9167	and i dont mean to open every picture i saved up
0.3888	1	never gonna let you down
0.3893	1	as cold as ice to me
0.3901	1	ill burn it ill burn it and burn it and burn it down
0.3902	1	If you can't get what you want
0.3903	1	We must work so very hard
0.3905	1	Here we go again
0.391	1	It brought me to my knees
0.3916	1	I knew that this was doomed from the get-go
0.3917	1	but its also time to say goodbye
0.3918	1	But the problem is he's mine and I am his
0.3921	1	That should be numb
0.3925	0.9583	drop and burn em up and scatter their remains im
0.3926	1	ooh ooh ooh yeah yeah yeah yeah yeah
0.3928	1	crying in bed
0.393	1	Only way to fuck it up is to be boring
0.3941	1	If I can't help falling in love with you?
0.3947	1	Exactly where you want me
0.3951	1	Are for anyone else to see
0.3952	1	And when I rip you out my chest
0.3953	1	So call in the submarines
0.3955	1	how else can i afford
0.3956	0.9643	there was rainbow and aj and discord was still a bad guy
0.3958	1	She cant tell the difference yet
0.3959	1	saw this moment coming from afar
0.396	1	If you only knew
0.396	1	You know I'm here waiting for you
0.3965	1	And we melt the white snow
0.3966	1	It warms my heart just knowing
0.3966	1	With those in need, we see around us everywhere
0.3967	1	lift you up every time
0.3972	1	This feeling's going to my head
0.3977	1	I know this can't be wrong
0.3978	1	I could try for
0.3978	1	yeah your sex takes me to paradise
0.398	1	oh oh ooh ooh ooh
0.3981	1	since when were changelings considered good guys
0.3987	1	you ballroom dance with hollow how are yous
0.3988	1	Will turn to whisper in your ear
0.3991	1	We do this every time
0.3992	1	always in a rush
0.3993	1	shaving off the numbers of this fucking body
0.3993	1	with the edges sawn off
0.3998	1	God bless all of those other eyes
0.4	1	lets keep the night glowing
0.4002	1	I want you
0.4005	1	Maybe maybe that was when
0.4007	1	For this day to finally arrive
0.4009	1	Its too late
0.4021	1	another foreign or a bigger chain
0.4024	1	Fly me to the moon
0.4024	1	I can't tell you how you've helped me
0.4026	0.9091	cause heaven aint close in a place like this
0.4026	1	Sir, he knows what to do in a trench
0.4029	1	Since then I've been walking on air air
0.4039	1	aiming for the triumph and never lose again
0.4042	1	I got a lump in my throat cause
0.4045	1	i guess the apple could turn yellow or green
0.4046	1	Like flowers from a tomb while you decide who you are
0.4049	1	i cant take back
0.405	0.9412	im buying it all up in outer space
0.4053	1	Feel like nothing ever seems quite right?
0.4056	1	The morning light is turning blue, the feeling is bizarre
0.4057	0.9286	im just a shot away from you
0.4058	1	we march side by side
0.4061	1	a wound
0.4066	1	and so the balance shifts
0.4066	1	into the depth of your disappear
0.4069	1	I know your wounds do not define you
0.4071	0.9286	now that you know im trapped
0.4072	1	I really love to chug jug with you
0.4072	1	that we could some day have a sleepover and cradle
0.4078	1	Bless us one and all
0.408	1	no one has more resilience
0.4083	0.931	and im not gonna lose you now
0.4084	1	Morning set in motion for me
0.4085	1	Taken away to the dark side
0.4088	1	You thought that it was special, special
0.4089	1	Truth be told
0.409	1	you had a boyfriend
0.4097	1	We rise with his spirit, we answer the call
0.4098	1	a birth
0.4098	0.8	theres nothing here in all these years thats real to me
0.4098	1	you could be my baby baby baby
0.41	1	Your mouth moves only with someones hand up your ass
0.4106	1	Could make you fall from the dreamy skies
0.4108	1	And I want to just give in
0.4119	1	its just six thirty
0.4122	1	a home built on scripture on faith without fear
0.4124	0.9	with the ri double a
0.4127	1	In the limelight I want to stay
0.4127	1	The time has come to welcome spring
0.414	1	Want a pair of pliers for every single room of my house
0.4142	1	Your kindness still can save me
0.4143	1	replicate this moment from a million miles away
0.4143	0.8182	theres a chance that i could fall
0.4146	1	Send you my love on a wire
0.4149	1	we carry the flame
0.4149	1	wear a necklace of hope
0.4154	1	i said maybe baby please
0.4155	1	I want you back
0.4162	1	My phone is by my side when I wake up
0.4163	0.9355	i see her wings and im not cold
0.4164	0.9091	aint all of us just looking for some healing
0.4169	1	Still some believe I do not have
0.417	1	Could you raise him to love me maybe?
0.417	0.875	feelin low down down not a lot to do around here
0.4171	1	better run you better take cover
0.4173	1	cause you are my medicine
0.4174	0.9091	i dont care what they say the future is ours
0.4179	0.8519	but no you know i dont know
0.4179	1	probably should have guessed
0.4183	0.8936	but maybe i could build a life thats real to me
0.4184	1	i promise i swear to you
0.4189	0.9333	seems like im serving you well
0.4193	1	You are something I could fight for, fight for
0.4194	1	i cant feel
0.4194	1	sky is turning blue
0.4196	1	and what i find is kinda scary makes me just wanna drive
0.4199	1	Please, bring it back home to me
0.4203	1	The world tried to silence, but his voice remains
0.4204	1	its a lonely road
0.4205	1	Dying for a way to let go
0.4208	1	You bring me to my knees, you make me
0.4216	1	I know there's lots of different nuances to you and to me
0.4218	1	I have soldiers that will yield for you
0.4221	1	and ships
0.4223	1	buy a big diamond ring for me
0.4228	1	And in our prayers and dreams
0.423	1	Listen up my broken child
0.4231	1	Each other's bodies in the arms as we lie under the covers and bleed?
0.4232	1	right now baby
0.4236	1	run away but were running in circles
0.4239	1	You prolly think that you are better now, better now
0.4242	0.9362	now ive learned its better living in the moment
0.4242	1	The knowing feeling
0.4248	1	I chose to stay fallen
0.4251	1	but our fates will draw us together in flames
0.4251	1	may the bridges that we burn
0.4252	1	I can't help that I need
0.4253	1	Giving up without a fight
0.4254	1	How could one like me ever hope to compare?
0.4256	1	When you're close to me
0.4259	1	Oh yeah yeah yeah yeah
0.426	1	bless us all
0.4262	1	When are they gonna open up that door?
0.4263	1	burn this city
0.4264	1	You bite your tongue and tense your thighs to stand
0.4271	1	I still remember every word you said to me
0.4275	1	young eyes watch life unfurl
0.4279	1	used to keep my picture posted by your bedside
0.4282	1	I hope that I can give 'em all one by one, one by one
0.4287	1	i felt the compression
0.429	1	I will not break
0.4293	1	Teach us in our dreams
0.4293	1	who you wanna be
0.4303	1	of all of our failures
0.431	1	am i even a person beneath
0.431	1	And when I close my eyes you're all that I can see
0.4311	0.9062	ive done so much to get this far
0.4315	1	from now on only actors
0.4326	1	well somebody told me
0.4329	1	Only with a flag of brave in my hands
0.4332	1	got balls of steel
0.4336	1	I have no idea what you are talking about
0.4339	1	Shine like the sun piercing the sky
0.4341	1	inside my head
0.4354	1	And right there is where I wanna
0.4356	1	the truth is eternal the cross is our guide
0.4357	1	i was facing all my fears
0.4357	1	If you never hear from me, all the satellites are down
0.4361	1	i really sympathise i do i do
0.4362	1	drain the blood from this abscess
0.4363	1	And all things warm and green
0.4363	1	are you circling the drainpipe getting off on pain like
0.4363	1	Falling through the atmosphere right now
0.4364	1	that boy is corrupt
0.4366	1	The sun comes up and I can feel it lift my spirit
0.4368	0.8621	dont you give up on your life
0.4372	1	But your destiny will come in time
0.438	1	now somebody told me
0.4381	1	I've seen you with your other dude
0.4381	1	you now desert me
0.4382	1	underneath that soft and gentle smile you put on this morning
0.4383	1	You wouldn't get this from any other guy
0.4384	1	And not come back
0.4389	1	Big plans in a bigger world
0.4389	1	For this to succeed, there is someone else we need
0.4391	1	i pressed my nose right up against the glass
0.4394	1	I can remember what it felt like being free
0.4395	1	i need healing and i am only at 1 hp
0.4397	1	another night down seventy one to go
0.4397	1	I know its hurting
0.4398	0.9412	im exactly where you want me to be
0.4402	1	You always keep pushing on
0.4411	1	fill the void up with celluloid
0.4412	0.9111	i guess the apple dont fall far from the tree
0.4412	1	We are not here, but still my dear
0.4413	1	She sees the vision going
0.4415	1	i wanna grow the apple keep all the seeds
0.4418	1	Go and buy the CD like you know that you should
0.4421	1	so fine and so deceiving
0.4431	1	aiming with your weapon
0.4431	1	breaking breaking breaking the shell
0.4431	1	but the memories of my home forever remain
0.4437	1	the days go by so uniformly
0.4438	0.9091	well i lie and im easy
0.4439	1	She took me in and gave me breakfast
0.4439	1	Take me to the zone
0.4445	1	Oh the lines wrapped round my face
0.4446	1	Let me let you go
0.4452	1	Wipe the system and back the fuck up
0.4453	0.9545	and every day i think that im about to crack
0.4453	1	i walk away
0.4456	1	Never gonna tell a lie and hurt you
0.4458	1	I've done so much to get this far
0.4464	1	And everything's all by the way
0.4464	1	Is this what you want?
0.4464	1	may the burning stone walls that are surrounding me
0.4466	1	But I can't get this shit out of my head
0.4475	1	No easy task to clear the ground
0.4477	1	open up your gates cause i cant wait
0.4478	1	sinking in my teeth
0.4481	1	The night is almost over, I still don't know where you are
0.4484	0.8519	but my phone dont work and his phone dont work and his
0.4487	1	But you can get me
0.4491	1	you just copy everything we do
0.4496	0.8611	youll just hear me singing this song
0.4499	1	You always find some kind words for a stranger
0.4501	1	An earth
0.4503	1	We have so much, that we can share
0.4507	0.9524	and i swear that im not gonna lose you now
0.4511	1	Above the rest and take my place
0.4512	1	curled into a ball
0.4514	1	well make heaven known
0.4515	1	you can count on me to misbehave
0.4525	0.8824	you dont have to do this all alone
0.453	1	bringing home the southern birds
0.453	1	so lets set out to sea love
0.453	1	So please stop trying to be so strong all alone all alone
0.4536	0.902	i cling to hope though i know youre not coming back
0.4536	1	Not anyone left for me to believe in
0.4544	1	tried to correct it well shit i wrecked it
0.4546	1	I got a feeling that it's time to let go
0.4547	1	Let us always love each other
0.4547	1	you cant stop it screaming out
0.4548	1	I guess the apple don't fall far from the tree
0.4548	1	i met a strange lady she made me nervous
0.4559	1	a stone
0.4564	1	If we manage to get this right
0.4576	0.9231	now its in your dresser with the socks you dont like
0.4577	1	From here it only gets better and better
0.4578	1	in my fantasy were both in dresses in the ballroom
0.458	1	another critic in the front seat
0.4581	1	we wake up all their sleepy heads
0.4584	1	Now, there is a fire in me
0.4586	1	before spike grew his wings so far back twist was there
0.4589	1	were going down the rabbit hole
0.4593	1	And all the fears you hold so dear
0.4595	0.8462	i dont know how i can find
0.4596	1	From the ash we rise
0.4597	1	I know you're somewhere out there
0.4599	1	of the illusion
0.4604	1	how do i fit in without magic
0.4605	1	so wont you sing it loud
0.4606	0.9048	but heaven aint close in a place like this
0.4612	1	Let it clear the smoke
0.4612	0.8723	we were lookin forward to the rest of our lives
0.4617	1	You won't think of words
0.462	1	And you hide it so well you do I must say
0.4622	1	Hi, are you looking for the other side?
0.4624	1	a home built on scripture
0.4627	1	maybe leave the clutch you hold tight
0.4628	1	where women glow and men plunder
0.4631	1	Three friends
0.4632	1	to find your destiny
0.4633	1	Is within our reach
0.4636	1	Got me needing more
0.4639	1	But you always keep pushing on
0.464	1	hopping line after line
0.465	1	We've known each other for so long
0.4653	1	To remind you how I still love you
0.4656	1	When this is blown over
0.4658	1	You know I never meant to let you down, let you down
0.4659	1	rows of garden hoses that go on for miles and miles
0.466	1	not sorry
0.4664	1	Oh oh oh why does a common fire
0.4667	1	but despite all the distance
0.4673	1	a holy mother
0.4678	1	who looked like a girlfriend
0.4683	1	Where dead
0.4684	1	Rise from the fire
0.4688	1	What you really need
0.4694	1	inside we both know whats been going on
0.4695	1	the loving family i hold dear
0.4697	1	Friend of a friend
0.4698	0.9487	yeah im exactly where he wants me to be
0.471	1	For the sweeter days to find us
0.4711	1	For your destiny to come this time
0.4711	1	The storm is coming fast and you need heals to prepare
0.472	1	There's a chest that's just down there
0.4723	1	Did you want to be free
0.4726	1	his hand in mine his initials in my necklace
0.4735	1	staring as i pass me by
0.4736	1	He was six foot four and full of muscle
0.4739	1	a touch
0.4741	1	maybe sick of running to let in small tears
0.4742	1	tall boys in the raptors
0.4743	1	I did not believe that it would end, no
0.4751	1	and most of all goodbye
0.4756	1	I keep on looking back on better days
0.4756	1	you crack the whip
0.4757	1	I will be strong
0.4764	1	Call me friend but keep me closer
0.4771	1	that deep down there somethings burning i know
0.4772	1	And when they detest I will cry out in song
0.4772	0.9211	since then ive been walking on air air
0.4774	1	show me no mercy
0.4777	1	pure hearts can never die
0.478	0.8667	and you dont even feel a thing
0.4783	0.9286	ive seen it before it happens all the time
0.4784	1	I can't find the light
0.4784	1	Strange things did happen here no stranger would it be
0.4787	0.9167	i said oh heaven aint close in a place like this
0.4788	1	Pump through my head keep going
0.4788	1	Was the first time I could dream
0.479	1	i fell into a crack
0.4792	1	eyes burning a way to me
0.4794	1	feels like you never understand me so i just wanna drive
0.4798	1	I mean you gotta put some thought
0.4809	1	crush all the beasts that hide behind
0.4812	1	i cant keep living
0.4814	0.898	youre closing the door you leave the world behind
0.4817	1	Even though we're not so close here
0.4821	1	You knew all my uncles and my aunts though
0.4824	0.913	i cant hear the messages they just dont let me
0.4834	1	I need to know where your loyalties lie
0.4838	1	Come pull up in my spot
0.4839	1	waiting for the signal baby never make a sound
0.4839	1	you will remember
0.484	1	What did you want
0.4845	1	And she said
0.4845	1	i am falling i am fading
0.4859	1	I got a feeling that it's time to let it go
0.4866	1	you better run you better take cover
0.4867	1	i just wonder what its gonna take
0.4872	1	i cant read the messages they come so slowly
0.4872	1	I'm only in it for the sex
0.4875	1	This is your wake up call
0.4876	1	any man or woman who wants him ill have for breakfast
0.4878	1	He just shot my back
0.4878	1	will be a coffin for
0.488	1	And he said
0.4882	1	You're only the love of my life
0.4884	1	its so loud
0.4884	1	There's a chance that I could fall
0.4889	1	I checked the upstairs of that house, but not the underneath yet
0.489	1	not many not many notice nor care
0.4897	1	i must be strong now for my kingdoms sake
0.4902	1	hey dude sorry i found nothing on this safari
0.4904	1	Are you here with me?
0.4914	1	Show me how show me how
0.4915	1	we both saw this moment coming from afar
0.4916	0.8667	but they dont know what i know
0.4917	1	oh oh oh my savior
0.4919	1	nothing but a shadow it seems
0.4919	1	They ask why we do this to ourselves
0.4921	1	Because no matter how my life has changed
0.4923	1	In the end I hope it's you and me
0.4925	1	Ive seen it before it happens all the time
0.4925	1	You are not here, but still my dear
0.4926	1	Its his voice through my lips
0.4926	1	where we can go buy bolts and screws
0.4935	1	I just wanna be right where you are
0.4936	0.8571	theres more to my life than i ever thought
0.4942	1	We answer the call
0.4943	1	They strung up a man
0.4949	1	found me breaking out of blackout
0.4952	1	I was all play and
0.4952	1	See how she looks for trouble
0.4957	1	Anything they say
0.4957	1	Pick me up and march me to the beat
0.4959	1	in us it echoes
0.4963	1	ghost in the machine
0.4966	1	like flowers from a tomb while you decide who you are
0.4968	1	And you don't even feel a thing
0.4968	1	check for pulse
0.4973	1	lets just let it go
0.4973	1	Saw you maybe truth for last time
0.4975	1	You are always in our song
0.4982	0.881	you make the decision and thats all i know
0.4986	1	and i will never ever forget
0.4986	1	Her dreams went out the door, when Cheese was only four
0.4988	1	get the fuck up wake the fuck up
0.4988	1	i am never making scenes again
0.4995	1	embraced by the flames i can not see anything right now
0.4996	0.9333	living life like im in a dream
0.5006	1	I need you in my life somehow
0.5019	1	your mouth moves only with someones hand up your ass
0.5023	1	so wed both be free
0.5023	1	well fight for the gospel well honour his name
0.5029	1	to the airport
0.5031	1	spinning out the silk
0.5039	1	want a pair of pliers for every single room of my house
0.5041	1	caught up in routine
0.5041	1	I think it's time we took a break
0.5053	1	And finally the moonlight will light your face up
0.5055	1	Into the letter but the sooner, the better
0.5056	1	well fight for the gospel
0.506	1	You can make a sinner change his ways
0.5062	1	and never regret a thing
0.5069	1	All my friends in love and I'm the one
0.5076	1	you could be my baby baby maybe uh oh
0.5077	1	in my reflection i saw nothing looking back
0.5087	1	The way to get along
0.5088	1	Taking on the world together
0.5089	0.8679	im only tryin to visit with you one by one one by one
0.5089	1	We stand in the middle of the field where the crossfire flies
0.5089	1	Where I told you to run
0.5093	1	I have lost it all
0.5094	1	so my life is a blade
0.5097	1	i wanna throw the apple into the sky
0.5105	1	Were nothing
0.5106	1	but why try growing up too fast
0.5106	1	my friend just got downed
0.5107	0.9455	cause ive been looking at you so long now i only see me
0.5107	1	the twilight will rise
0.5108	1	the darkness will fall
0.5111	1	I got my head done
0.5113	1	doomed to want
0.5114	1	And even when the lights go down, down
0.5117	1	from a to z
0.512	1	Ill only hurt you if you let me
0.5122	1	You are something I could fight for
0.5123	1	Where you can't get what you want
0.5124	1	i was scared of dentists and the dark
0.5126	1	He's like the rest
0.5131	1	dark streets i roam in
0.5133	1	Shes heading for the lights
0.5135	1	well honour his name
0.5138	0.9355	take a picture im with the boys
0.5138	1	you leave me broken shattered i lie
0.5139	1	a shame you seemed an honest man
0.5142	1	I feel your heart and soul
0.5145	1	the words I never said
0.5151	1	before you take off your pants
0.5152	1	all of these doubts i will cast them aside
0.5153	0.9189	for i am here and ive nothing to hide
0.5157	1	do you wanna tear my heart out
0.516	1	watch me as i eat my heart out dispossessed
0.5163	1	I tried to give you up
0.5164	1	If we met at midnight in the hanging tree
0.5166	1	But the moment that I learn
0.5181	1	The place once we called hell where demons reign
0.5185	1	Hold my hand
0.5187	1	Let us run from anger and catch us when we fall
0.519	1	the truth is eternal
0.5193	1	ill keep you in my life somehow
0.52	1	i spin around
0.5205	1	you bite your tongue and tense your thighs to stand
0.5209	1	Just how you left me before
0.5218	1	I dream to be like you
0.5229	1	Do you think about what it might mean?
0.5229	1	I'm caught between the day and the night
0.5229	0.931	living life like im in a play
0.5237	1	were no strangers to love
0.5239	1	It can follow you like a dog
0.5241	0.9556	despite those around who may tell me im wrong
0.5243	1	cause i cant stop falling down
0.5255	1	I love the pain that you cause, 'cause you know that you're
0.5268	1	fills me up with laughter
0.5269	1	could make you fall from the dreamy skies
0.5272	0.9375	and if you ask me how im feeling
0.5273	1	like dusk chased by the ending day
0.5274	1	Pinkie just hit the wall, she never had it all
0.5279	1	i leave alone and
0.5284	1	Breaking out oh break it now
0.5284	1	under the snow and ice
0.5286	1	oh my god what the fuck
0.5291	1	ill do anything to make you mine ill be
0.5293	0.9583	you only say that cause im not around not around
0.5294	1	only way to fuck it up is to be boring
0.5296	1	another world
0.5301	1	by days and by miles were so far apart
0.5304	1	see how she dances and
0.5308	1	But your reality has pulled me from the black
0.5308	1	i revived him now were heading south bound
0.5309	1	Singing in the night
0.531	1	Time off from work to play
0.5312	0.913	im out of control and i
0.5312	1	the world tried to silence
0.5317	1	Yeah you make me feel like
0.5325	1	Whether it was worth it
0.5326	1	And our time is running out
0.5331	1	do my best today
0.5333	1	i cant stop falling down
0.5333	1	your song of kindness
0.5334	1	To protect and serve those of my race
0.5337	1	But I can't help falling in love with you
0.5337	1	i cant keep living like
0.5345	1	and i will stretch out my wings touch the sky
0.5346	1	Would you get down on your knees for me
0.5348	1	i have no idea what i am talking about
0.5348	1	If we're looking out on the day
0.535	1	Bring it back down bring it back down tonight
0.5352	1	baby are you really down
0.5353	1	no ground beneath your feet
0.5357	1	I could never lose you now
0.5365	1	But his voice remains
0.5368	1	i could be a martyr i could be a cause
0.5373	0.871	these things dont grow on trees
0.5379	1	i cant be helped because i love to play the victim
0.5382	1	And even though we're not so close here
0.5386	1	And while we wait for it
0.5386	1	oh i could be a canvas i could be a doll
0.5387	1	i get the message i learned my lesson
0.539	1	so please stop trying to be so strong all alone all alone
0.5396	1	In other words
0.5399	0.9649	im running kind of low on mats i need to break some stone
0.54	1	If you need two more arms to hold these burdens I am here
0.5408	1	To let the sunshine in
0.541	1	show me your brave heart
0.5411	1	This fire is out of control
0.5419	1	shall i stay
0.5423	1	she cant tell the difference yet
0.5423	1	the happiness you made me feel
0.5423	1	There's more to my life than I ever thought
0.5423	1	Thought was a part of us
0.5424	1	A voice in the storm
0.5424	1	cause you start out stealing songs
0.5426	1	i feel my body calling
0.5433	1	i know your wounds do not define you
0.5434	1	i still remember every word you said to me
0.5436	1	On the floor, in the yard
0.5439	1	For I can't help falling in love with you
0.5441	1	There's this movie that I think you'll like
0.5445	1	More than you can contend
0.5449	1	And when they drag me by my feet
0.5451	1	i have to go somewhere
0.5454	1	i have soldiers that will yield for you
0.5457	1	that life could be sweet
0.5459	1	hope dies when it wont come true
0.5461	1	Did you take it out at me
0.5462	1	god bless all of those other eyes
0.5468	1	you're holding my heart
0.5469	1	Show me your heart
0.5471	1	full of holes
0.5477	1	eyes lit like the sky
0.5477	1	ill take them in stride
0.5481	1	You won't ever see me in the light of day
0.549	1	the time has come to welcome spring
0.5493	1	falling through the atmosphere right now
0.5494	1	With you
0.55	1	bless us all who gather here
0.55	1	eyes boring a way through me
0.5501	0.8947	bring out the best in me dont even try
0.5508	1	will turn to whisper in your ear
0.551	0.8333	i dont want you to think
0.5514	0.8913	cause you know that youre so much more than me
0.5518	0.9318	each others bodies in the arms as we lie und
0.552	1	You'll just hear me singing this song
0.5521	1	tried to correct it i think i wrecked it
0.5523	1	i can remember what it felt like being free
0.5523	1	I guess it's kind of cute how you like me where you are
0.5524	1	Light the way
0.5524	1	Stay with me now
0.5525	0.7333	goin to the hard were goin to the goin to the
0.5532	1	but the problem is hes mine and its headline news
0.5532	1	that was oh maybe a year ago
0.5534	1	i have no idea what you are talking about
0.5536	1	i really love to chug jug with you
0.5539	1	you always find some kind words for a stranger
0.5541	1	not going back
0.5544	1	so now is gold
0.5544	1	you wanna fight for your land back
0.5545	1	Until the next time we can be together
0.5547	0.898	and when i close my eyes youre all that i can see
0.5547	1	it warms my heart just knowing
0.5548	1	cause when the sun goes down someones talking back
0.5557	1	ill never leave this floor
0.5565	1	Where you live a life without a clue
0.5576	1	Because the lights gone out for me
0.5581	1	Maybe you could pick me up still
0.5583	1	You will squeeze the life out of me
0.5585	1	Took too long, here right now
0.5589	1	for this day to finally arrive
0.5596	1	I don't want you to think
0.5596	1	if we met
0.56	1	He took me off the market, and I took him to the moon
0.56	1	ill hear your voice again
0.5601	1	Now here we are
0.5602	1	pleased to meet you
0.5609	1	the storm is coming fast and you need heals to prepare
0.5609	1	This can be upon your words
0.5611	1	spilling it to me
0.562	1	a voice
0.5625	1	I got my head checked
0.5625	1	Nothing but this can be a trace of my life
0.5627	1	And let me see what spring is like on
0.5634	1	and every path will bring me back from where i roam
0.5636	1	Did you want to be mean
0.5636	1	Why do you sit there sighing
0.5637	1	Let me play among the stars
0.5641	1	maybe you will feel the urge
0.5642	1	dance with me
0.565	1	And now you leave me
0.5655	1	Because its something that is on
0.5663	1	strange things did happen here no stranger would it be
0.5663	1	your kindness still can save me
0.5665	1	the shadows yeah they keep me pretty like a movie star
0.5666	1	Would you do anything for me
0.5672	1	and they come unstuck
0.5675	1	And you are so free
0.5676	1	I never saw the meaning me of letting her wake up
0.5683	1	in the darkness i would never leave
0.5683	1	said id see you soon
0.5683	1	you help me spread my wings so i can fly
0.5685	1	can we get a win this weekend
0.5685	0.9038	if youre listening to this i need you to hear me now
0.5689	1	done being the sad girl
0.5689	1	how will i do without my magic
0.569	1	i got a lump in my throat cause
0.5692	1	i think the apples rotten right to the core
0.5692	1	only with a flag of brave in my hands
0.5695	1	we were in the studio
0.5696	1	cause i dream about you in my sleep
0.57	1	does it even matter i could never tell
0.5701	1	his family held near
0.5703	1	shine like the sun piercing the sky
0.5706	1	cause its all bad news
0.5706	1	I have to find my place
0.5707	1	In hopes you're on the other side talking to me, too
0.571	1	i sit by myself
0.5712	1	we ask you bless us all
0.5719	1	i wanna play the game
0.5726	1	just to let you in to dry my tears but
0.5729	0.9608	im on the verge of caving in i run back to the dark
0.5731	1	But the lines on my legs
0.5735	1	Never wanna put my heart on the line
0.5741	1	dark
0.5744	1	I look into the eyes of love and know that I belong
0.5744	1	Oh this fire is out of control
0.575	1	or am i a fool who sits alone talking to the moon
0.5755	1	i cant read the messages they come so quickly
0.5758	1	under love
0.576	1	Troops are waiting in the field for you
0.5761	0.9	in hopes youre on the other side talking to me too
0.5765	1	we rise with his spirit
0.577	1	i let it all surround me
0.5775	1	from here it only gets better and better
0.5779	1	he stood unshaken a voice in the storm
0.5785	1	but your destiny will come in time
0.5785	0.9487	im caught between the day and the night
0.5787	1	The past that only got to live in the incomplete holy land
0.5788	1	What it means to me
0.5791	1	you made it your mission
0.5792	1	and now is gold
0.5793	1	right now its about me
0.5794	1	a husband a father his family held near
0.5795	1	and our answers always the same
0.5798	1	I came back to life when you set me free
0.5803	1	morning set in motion for me
0.5803	1	she took me in and gave me breakfast
0.5805	1	i know hes working
0.5815	1	I'll count the minutes and the seconds and the hours
0.5816	1	So much to tell you
0.5816	1	wipe the system and back the fuck up
0.5821	1	with god we will rise
0.5824	1	Know that I will find my way from you
0.5825	1	baby make me something fore i get that call cause
0.5827	1	the morning light is turning blue the feeling is bizarre
0.583	1	exactly where you want me
0.5831	1	You know the rules and so do I
0.5834	1	are for anyone else to see
0.5835	1	I knew you when
0.5836	1	so call in the submarines
0.5839	1	got demons in your head
0.5845	1	i was so broken over you
0.5848	1	and we melt the white snow
0.585	1	the only thing i cannot give up away is my ash
0.5851	1	get up
0.5854	1	for his love to flee
0.5857	1	oh the lines wrapped round my face
0.5865	1	Got ready for the night and
0.5868	1	never gonna tell a lie and hurt you
0.587	1	seal all lies from me
0.5871	1	a personal hell
0.5873	1	They call for a third wheeling
0.5876	1	and in our prayers and dreams
0.5878	1	tell me what are you gonna do
0.5879	1	we stand in the middle of the field where the crossfire flies
0.588	1	we must work so very hard
0.5883	1	I come back with more guns
0.5883	1	taken away to the dark side
0.5887	1	it brought me to my knees
0.5887	1	maybe maybe that was when
0.5897	0.931	how can i help im new you see
0.5898	1	you fucked up your last try
0.5899	1	i leave to the airport
0.5899	1	lip stain on the rim
0.59	1	not anyone left for me to believe in
0.5902	1	cause we are
0.5902	1	i turn back and i attack
0.5905	1	You give when you have little left to give
0.5908	1	but
0.591	1	and we stand tall
0.5917	1	To see the light
0.5917	1	You are so young
0.5921	1	Make up your mind
0.5922	1	i want the friction
0.5925	1	here is my grave
0.5935	1	Just know that I will find my way from you
0.5946	1	i will not bend
0.5948	1	Whether it was worth it to fight for the truth, but
0.5952	1	If we take it from the top now
0.596	1	Its on my mind
0.5966	0.88	and you gon hear about it
0.5969	1	and i can see right through ooh ooh like shadows on the moon
0.5972	1	Whether it was worth it to fight for the truth, yeah
0.5977	1	I still love you
0.5978	1	blink your eyes
0.5982	1	from artists just like me
0.5984	1	you knew all my uncles and my aunts though
0.5989	1	but its plain to see my skin is
0.5996	1	no easy task to clear the ground
0.6001	1	From all the things passed down from all the apples coming before
0.6009	1	its not my problem
0.6009	1	Now that I know what they all do
0.6009	1	They push us
0.6011	1	and all things warm and green
0.6012	1	he was six foot four and full of muscle
0.6017	1	and finally the moonlight will light your face up
0.6019	1	I love the pain that you cause,
0.6019	1	you know the guilt would drive you mad
0.6022	1	clear cut
0.6032	1	above the rest and take my place
0.6034	1	and we cant grow in this cold
0.6046	1	or a seven year old girl
0.6057	1	and all the fears you hold so dear
0.6057	1	they took my name my life and my identity
0.6059	1	And all that we are
0.606	1	they say who murdered three
0.6062	1	with those in need we see around us everywhere
0.607	1	i need to know where your loyalties lie
0.6074	1	i keep on looking back on better days
0.6074	1	this guy decides to quit his job and heads to new york city
0.6078	1	I was trying to find a way to kill time
0.6079	1	Until a friend told me the news
0.6084	1	because no matter how my life has changed
0.6085	1	i never said
0.6097	1	Where life has dealt another losing hand
0.61	0.9429	im here to the end ill say it again
0.6107	1	at midnight in the hanging tree
0.6109	1	oh oh ooh
0.6112	1	I was on your hit list
0.6112	1	so their families can grow
0.6113	1	listen up my broken child
0.6119	1	a sin
0.6123	1	for your destiny to come this time
0.6123	1	send you my love on a wire
0.6136	1	giving up without a fight
0.6137	1	he sure fucked me up
0.6143	1	but i can see right through ooh ooh
0.6145	1	just a feeling that i wont
0.6145	1	they made my life and everything ill ever see
0.6147	1	a star
0.6147	0.9286	the night is almost over i still dont know where you are
0.6148	1	from my head to toe
0.6149	1	bless us all that as we live
0.6151	1	I am marching to the mouth of hell
0.6152	1	of the monster
0.6157	1	a husband a father
0.6164	1	she hates time its not fair
0.6167	1	like if you lay a hand on him were both getting arrested
0.6168	1	i do not understand
0.617	1	the place once we called hell where demons reign
0.6174	1	let go
0.6175	1	Fills me up with song
0.6178	1	you prolly think that you are better now better now
0.6181	1	and i got a lump in my throat cause
0.6186	1	big plans in a bigger world
0.6188	1	Your picture there on the screen
0.6189	1	You know that you cant be so strong alone all the time
0.6195	1	let us always love each other
0.6199	1	you always keep pushing on
0.62	1	cant you hear cant you hear the thunder
0.6202	1	love of my life cant you see
0.6208	1	And close your eyes and let this music get to working
0.6209	1	warm kissed by the sun then cold like the wind
0.6212	1	if we manage to get this right
0.6221	1	but you always keep pushing on
0.6224	1	the world tried to silence but his voice remains
0.6225	0.9107	i love the pain that you cause cause you know that youre
0.6228	1	call me friend but keep me closer
0.6231	1	i said a prayer for you i hope its working
0.6232	1	i wont let you
0.6234	1	oh i could be a sinner i could be a saint
0.624	1	i breathed
0.6248	1	I know that you
0.625	1	we move the clouds
0.625	0.9375	you know im here waiting for you
0.6252	1	You were all work and
0.6255	1	look at the map go to the marked sheet
0.6256	1	let us run from anger and catch us when we fall
0.6259	1	sorry if i made me your type
0.6262	1	i mean you gotta put some thought
0.6264	1	are you ready
0.6265	1	now were in the pleasant park streets
0.6266	0.9333	im just a shot then we can die
0.627	1	How did it come to this
0.628	1	oh i can still remember all the lessons you gave me
0.6283	1	they ask why we do this to ourselves
0.6286	1	dying for a way to let go
0.629	1	yeah yeah yeah
0.6292	1	for the sweeter days to find us
0.6296	1	she sees the vision going
0.6308	1	pump through my head keep going
0.6311	1	oh oh oh why does a common fire
0.6312	1	if you never hear from me all the satellites are down
0.6313	1	but deep in your heart
0.6317	1	we do this every time
0.632	1	Let us hear the voice of reason
0.6326	1	and could ever be
0.6328	1	have so much power
0.6336	1	going up going down down down
0.634	1	When you write it up
0.6347	1	i just wanna be right where you are
0.6356	1	but you just went and made it fun
0.6359	1	if you cant get what you want
0.6362	1	if we met at midnight in the hanging tree
0.6377	1	but your reality has pulled me from the black
0.6378	1	cause she thinks her friendships died
0.6378	1	you can make a sinner change his ways
0.6387	1	i could be a friend or i could be a foe
0.6389	1	for this to succeed there is someone else we need
0.6392	1	that should be numb
0.6393	1	you know you gotta get ya right hand man back
0.6394	1	realise i fall along with you
0.6418	1	would it be a sin
0.6419	1	bring it back down bring it back down tonight
0.6421	1	pick me up and march me to the beat
0.6422	1	'cause you know that you're so much more than me
0.643	0.92	im only in it for the sex
0.6432	1	we could be
0.6438	1	i checked the upstairs of that house but not the underneath yet
0.6438	1	saw you maybe truth for last time
0.6438	1	when all i wanna do is try
0.6445	1	i chose to stay fallen
0.6447	1	the sun comes up and i can feel it lift my spirit
0.6448	1	we rise with his spirit we answer the call
0.6453	1	Only been with one man, what happened to her plan
0.6455	1	oh yeah yeah yeah yeah
0.6465	1	Lead us to the light
0.6474	1	try to give me meaning its a losing game
0.6475	1	There is no way back now
0.6482	1	yeah
0.6486	1	oh maybe i am nothing maybe i am all
0.649	1	teach us in our dreams
0.6491	1	One of them will be all mine
0.6496	1	all the lights dimming down down down
0.6496	1	they can look but they cant ever touch
0.6512	1	I will take an oath right here
0.6516	1	The time has come
0.653	1	feel like nothing ever seems quite right
0.6533	1	a well
0.655	1	bless us one and all
0.655	1	each others bodies in the arms as we lie under the covers and bleed
0.6552	1	we know the game and were gonna play it
0.6556	1	No place on earth compares with home
0.6561	1	you thought that it was special special
0.6565	1	could you ever love someone like me
0.6568	1	the knowing feeling
0.6574	1	its his voice through my lips
0.6575	1	and wont you sing it long
0.6586	1	lights
0.659	1	So now hear me talk to you
0.6599	1	see how she looks for trouble
0.6606	1	Right in front of the store, then as soon as it was light out
0.6613	1	and even though i love my boots
0.6615	1	ill be the bad guy now
0.6615	1	of another dream
0.6616	1	Fill my heart with song and let me sing
0.6617	1	Just looking out for the day
0.6622	1	would you get down on your knees for me
0.6622	1	you could be my baby boy they lady
0.6628	0.9583	all of the time but im never sure why i need you
0.6628	1	the past that only got to live in the incomplete holy land
0.6629	1	my hand crush it up
0.6641	1	oh yeah yeah
0.6647	1	Never stay on the phone long enough
0.6652	1	to protect and serve those of my race
0.6661	1	and its all bad news
0.6672	1	but please
0.6681	1	instead of trying one more time
0.669	1	i never saw the meaning me of letting her wake up
0.669	1	I wish that you could find some for yourself
0.6695	1	but i breathe
0.6695	1	With help from my friends
0.6696	1	if only
0.6698	1	get what i want cause i ask for it
0.6701	1	Where dead man called out
0.6705	1	There could be
0.6712	1	all i ever wanted was the world
0.6713	1	i cant tell you why
0.6713	1	its not enough
0.6713	1	you know i say that i am better now better now
0.672	1	i said so
0.6723	1	Ten kills on the board right now
0.6725	1	cant i just stay here
0.6725	1	i need you in my life somehow
0.6733	1	i know this cant be wrong
0.6734	1	And if you leave here
0.6734	1	from all the things passed down from all the apples coming before
0.6734	0.9216	he took me off the market so i took him to the ritz
0.6735	1	taking on the world together
0.6737	1	when this is blown over
0.674	1	i know i wont be leaving here
0.6748	1	how could one like me ever hope to compare
0.6767	1	ill only hurt you if you let me
0.6777	1	the only air that hell breathes my perfume
0.6779	1	what the fuck make it stop
0.6785	1	We stand at the edge of the field where nothing remains
0.6786	1	And helps me find my own
0.6791	1	we are
0.6805	1	its only me
0.6805	1	we could lead
0.6806	1	We help them gather up their food
0.6809	1	let it clear the smoke
0.6821	1	until the next time we can be together
0.6823	1	nothing but this can be a trace of my life
0.6834	1	if i wane this could die
0.6842	1	do you ever hear me calling
0.6842	1	man called out for his love to flee
0.6846	0.9574	go and buy the cd like you know that you should
0.6849	1	fly me to the moon
0.6851	1	oh oh ooh oh
0.6852	1	this is your wake up call
0.6853	1	shes heading for the lights
0.6858	1	you are always in our song
0.6864	1	checking me
0.6867	1	Spill the blood on the floor
0.6871	1	everything that i can say is spoken for me yeah
0.6871	1	its far too late
0.6873	1	You know that you are
0.6877	1	But it was just the sex though, the sex though
0.688	1	the fear is gone
0.688	1	The strength it takes to rise and stand
0.6881	1	i had to tell ya its now or never
0.689	1	bring it back bring it back
0.6895	1	and running over school kids with your car
0.691	1	Fill my heart with song
0.692	1	did you want to be free
0.692	1	he said hey you know that vacant lot
0.6922	1	ill count the minutes and the seconds and the hours
0.6926	1	round the world well go
0.6929	1	where you live a life without a clue
0.6932	1	its like the moment i woke up
0.6934	1	take me out
0.6946	1	here we go again
0.695	1	but a voice within me says
0.6964	1	I thought that I would go right out of my mind
0.6964	1	ride or die i said it and i meant it
0.6966	1	I will be there at your side
0.6971	1	are made up
0.6971	1	cause you make me feel like
0.6976	1	take and leave
0.6979	1	why why
0.6982	1	can they see the person beneath
0.6982	1	look into the mirror tell me what i am
0.6987	1	my phone is by my side when i wake up
0.6988	1	because the lights gone out for me
0.6991	1	and let me see what spring is like on
0.6995	1	troops are waiting in the field for you
0.6996	1	you will squeeze the life out of me
0.6999	1	off
0.7001	1	if you only knew
0.7003	1	breaking out oh break it now
0.7005	1	oh i could be a difference i could be the same
0.7006	1	just how you left me before
0.7008	1	are you trying
0.701	1	sir he knows what to do in a trench
0.7011	1	now cheese is in high school he tells her that shes a fool
0.7014	1	what you really need
0.7015	1	a cell
0.7023	1	In this world full of lies
0.7024	1	There's nothing here in all these years that's real to me
0.7025	1	i feel your heart and soul
0.703	1	and when they drag me by my feet
0.7033	1	i know its hurting
0.7035	1	come pull up in my spot
0.7036	1	it can follow you like a dog
0.7045	1	me and only bout me hey
0.7045	1	My eyes are in the light
0.705	1	i cant have it i cant have it any other way
0.7067	1	from the ash we rise
0.7068	1	for no reason
0.7068	1	you give when you have little left to give
0.7069	1	but the problem is hes mine and i am his
0.7073	1	when are they gonna open up that door
0.7074	1	i came back to life when you set me free
0.7075	1	take me to the zone
0.7084	1	could you raise him to love me maybe
0.7084	1	That is tempting you to the mouth of hell
0.7085	1	love of my life
0.7087	1	oh i know i wont be leaving here
0.7094	1	even when i tried
0.7096	0.9524	and now im sure this is what were here for
0.7098	1	and when they detest i will cry out in song
0.7098	1	never wanna put my heart on the line
0.7102	1	its just so much to do
0.7102	1	maybe you could pick me up still
0.7104	1	is within our reach
0.7107	1	got me needing more
0.7109	1	you know that you cant be so strong alone all the time
0.7111	1	show me how show me how
0.7119	1	My eyes in the light
0.712	1	because its something that is on
0.7121	1	where you cant get what you want
0.7123	1	all day
0.7124	1	and our time is running out
0.7128	1	and close your eyes and let this music get to working
0.7132	1	you are all i long for all i worship
0.7149	1	you bring me to my knees you make me
0.7158	1	if you need two more arms to hold these burdens i am here
0.7169	1	this feelings going to my head
0.7172	1	and you hide it so well you do i must say
0.7172	1	when i grow older
0.7182	1	At night when the stars light up my room
0.7185	1	side by side with me
0.7192	1	why
0.7193	1	time off from work to play
0.72	1	yeah you make me feel like
0.7203	1	and i am ready to move on
0.7203	1	show me have i lost my own
0.7208	1	and not come back
0.7208	1	this fire is out of control
0.721	1	am i anything
0.721	1	still some believe i do not have
0.7225	1	And in time it will be all for you
0.7225	1	I try to hold on to the past
0.7231	1	run
0.7231	1	should have said
0.7237	1	What is the point of no return
0.724	1	i could never lose you now
0.7242	1	by the gleam in the skies
0.7247	1	and when i rip you out my chest
0.7256	1	from these white sheets i got the best view
0.726	1	where life has dealt another losing hand
0.7262	1	i buy time
0.7264	1	to take me out
0.7268	1	i got a feeling that its time to let go
0.7273	1	i could try for
0.7281	1	i come from a land down under
0.729	1	in the limelight i want to stay
0.7298	0.9459	all my friends in love and im the one
0.7303	1	i knew that this was doomed from the get go
0.7307	1	i got a feeling that i just
0.7311	1	but you can get me
0.732	1	rise from the fire
0.7324	1	i could be a woman i could be a man
0.7324	1	you wont think of words
0.7328	1	more than you can contend
0.7332	1	i will not break
0.7333	1	friend of a friend
0.7341	1	the words i never said
0.7349	1	he just shot my back
0.7349	1	you wont ever see me in the light of day
0.7355	1	why do you sit there sighing
0.7362	1	Just looking out on the day
0.737	1	do you come from a land down under
0.7376	1	and i still hear the echoes
0.7378	1	And you know that it means so much
0.7378	1	i could go to heaven i could go to hell
0.7381	1	i fell into ya i fell into ya
0.7385	1	would you do anything for me
0.7388	1	into the letter but the sooner the better
0.7392	1	oh this fire is out of control
0.7396	1	and right there is where i wanna
0.7396	1	i was trying to find a way to kill time
0.7406	1	this can be upon your words
0.7406	1	whether it was worth it
0.741	1	need
0.7411	1	night air i breathe in
0.7414	1	they strung up a man
0.7415	1	i got a feeling that its time to let it go
0.7432	1	why its such a big deal though
0.7433	1	take my hand take my whole life too
0.7434	1	please bring it back home to me
0.7435	1	let me play among the stars
0.7437	1	Has the light gone out for you
0.7438	1	we ask you
0.7445	1	we are not here but still my dear
0.7447	1	i did not believe that it would end no
0.7447	1	you are something i could fight for fight for
0.7448	1	these things don't grow on trees
0.745	1	i want you back
0.7455	1	they call for a third wheeling
0.7461	1	and please yes please
0.7467	1	and while we wait for it
0.7487	1	if i choose to not let go
0.7487	1	let me let you go
0.7489	1	help the earth pony way
0.7489	1	i tried to give you up
0.7495	1	and how much i have grown
0.7496	1	an art
0.7502	1	i guess its kind of cute how you like me where you are
0.7504	1	thought was a part of us
0.7519	1	Yeah you will be the death of me
0.752	1	pinkie just hit the wall she never had it all
0.752	1	The rise and fall
0.7533	1	yes i know
0.7534	1	and bring back
0.7542	1	did you take it out at me
0.7543	1	Now that the truth is just a rule that you can bend
0.7544	1	i dream to be like you
0.7546	1	two for no
0.7554	1	They got a skin and they put me in
0.7558	1	the way to get along
0.7562	1	but his voice remains
0.7578	1	we answer the call
0.7582	1	to remind you how i still love you
0.7591	1	we have so much that we can share
0.7592	1	i say
0.7593	1	anything they say
0.7594	1	if eyes move this could die
0.7594	1	Send the boys and the girls of the city
0.7605	1	to let the sunshine in
0.7615	1	i am marching to the mouth of hell
0.7635	1	singing in the night
0.7646	1	and you could feel good
0.7647	1	the stars i believe in
0.7653	1	your picture there on the screen
0.7654	1	what you got to lose
0.7658	1	The colors in the dark
0.766	1	i know i tried to count em all one by one one by one
0.7661	1	until a friend told me the news
0.7663	1	got ready for the night and
0.7663	1	we stand at the edge of the field where nothing remains
0.7664	1	what did you want
0.7671	1	if we take it from the top now
0.7684	1	truth be told
0.7688	1	her dreams went out the door when cheese was only four
0.7689	1	nothing
0.7693	1	and i cant help but see
0.7696	1	but i cant get this shit out of my head
0.77	1	you know i never meant to let you down let you down
0.7713	1	i love
0.7715	1	and i breathe
0.7717	1	And you know what they say might hurt you
0.7717	1	yeah i i i
0.7722	1	i look into the eyes of love and know that i belong
0.7762	1	Spend the rest of my days here
0.7763	1	the story goes
0.7766	1	i come back with more guns
0.7776	1	i was all play and
0.7788	1	i wish that you could find some for yourself
0.779	1	get ya right hand man back
0.7795	1	You will be the death of me
0.7798	1	i will be strong
0.7804	1	like
0.7809	1	like me
0.7812	1	but the lines on my legs
0.7829	1	was the first time i could dream
0.7833	1	did you want to be mean
0.7843	1	one for yes
0.7849	1	you are something i could fight for
0.7872	1	you are not here but still my dear
0.7873	1	i cant find the light
0.7874	1	no place on earth compares with home
0.7892	1	fill my heart with song and let me sing
0.7896	1	a voice in the storm
0.7901	1	let us hear the voice of reason
0.7903	1	i have to find my place
0.7917	1	whether it was worth it to fight for the truth yeah
0.7918	1	i have lost it all
0.7925	1	oh
0.7926	1	three friends
0.7931	1	whether it was worth it to fight for the truth but
0.7936	1	i got my head done
0.7938	1	even though i know
0.7939	1	we reach for you
0.795	1	i know
0.7951	1	i got my head checked
0.7952	1	Then come with me
0.7954	1	Oh oh oh its this time of the year
0.7963	1	its too late
0.7969	1	to get your right hand man back
0.7987	1	know
0.7996	1	even though were not so close here
0.801	1	never stay on the phone long enough
0.8015	1	and even when the lights go down down
0.8021	1	a a are we there yet
0.8027	1	And help with all of my heart
0.8052	1	do you think about what it might mean
0.8052	1	Not here to hold you
0.8062	1	and i want to just give in
0.8079	1	i know i know i know i know
0.8092	1	When the sun comes up
0.8099	1	now
0.8105	1	show me your heart
0.8106	1	eyes move this can die
0.8115	1	the strength it takes to rise and stand
0.8121	1	and now you leave me
0.8123	1	i wait this could die
0.8125	1	You killed the sound
0.8133	1	if i move this could die
0.8139	1	please make this stop stop stop
0.816	1	i will take an oath right here
0.8172	1	Tell the rest of the world that he's with me
0.8185	1	They think we
0.8209	1	you know i had to be first in line
0.8241	1	but i cant help falling in love with you
0.8244	1	ten kills on the board right now
0.8253	1	and even though were not so close here
0.8261	1	When you see them fall off the wall
0.827	1	we help them gather up their food
0.8272	1	yeah i i i hate that i made you love me
0.8283	1	that is tempting you to the mouth of hell
0.8284	1	Thrown on the heart of me
0.8289	1	one of them will be all mine
0.8289	1	yeah i i hate that i made you love me
0.8295	1	i think its time we took a break
0.831	1	if i cant help falling in love with you
0.8311	1	and you are so free
0.8323	1	oh i want to live em all one by one one by one
0.8332	1	just know that i will find my way from you
0.8337	1	just looking out for the day
0.834	1	for i cant help falling in love with you
0.836	1	right in front of the store then as soon as it was light out
0.8369	1	my
0.8389	1	can i just stay here
0.8405	1	we both
0.8414	1	how i wish i could
0.8418	1	at night when the stars light up my room
0.8425	1	what it means to me
0.8426	1	if i saw him in this light id want him too
0.8438	1	i was on your hit list
0.8442	1	Just thought that he
0.845	1	coming to the tree
0.8452	1	so much to tell you
0.8467	1	how did it come to this
0.8471	1	so real
0.8501	1	fills me up with song
0.8527	1	only been with one man what happened to her plan
0.8532	1	now that the truth is just a rule that you can bend
0.8538	1	me
0.8542	1	i hope that i can give em all one by one one by one
0.8551	1	know that i will find my way from you
0.8556	1	there is no way back now
0.8566	1	stay with me now
0.8567	1	so now hear me talk to you
0.8575	1	i need my right hand man back
0.8578	1	with help from my friends
0.8578	1	you were all work and
0.8584	1	where dead man called out
0.8586	1	spill the blood on the floor
0.8596	1	He spoke the truth when the cost was high
0.864	1	he took me off the market and i took him to the moon
0.8648	1	well i hope they open soon
0.8653	1	now there is a fire in me
0.8661	1	hes like the rest
0.869	1	i love you
0.8691	1	in other words
0.8695	1	and all that we are
0.8699	1	were nothing
0.8708	1	hi are you looking for the other side
0.8717	1	once in a while
0.8746	1	and in time it will be all for you
0.8746	1	make up your mind
0.8761	1	but the moment that i learn
0.8761	1	when you give i want more more more
0.8763	1	i will be there at your side
0.8784	1	the truth is that its tough and yet
0.8799	1	and she said
0.881	1	will
0.8811	1	when you write it up
0.8842	1	and you know that it means so much
0.8867	1	and helps me find my own
0.8869	1	send the boys and the girls of the city
0.8884	1	what is the point of no return
0.8896	1	now here we are
0.8906	1	in this world full of lies
0.8913	1	it all
0.8914	1	are we there yet
0.8915	1	and you know what they say might hurt you
0.8935	1	but i know that you
0.8936	1	lead us to the light
0.8945	1	i want you
0.8959	1	to see the light
0.8959	1	you are so young
0.8991	1	fill my heart with song
0.9	1	when i was young
0.9018	1	i still love you
0.9032	1	are you
0.9058	1	if were looking out on the day
0.906	1	and if you leave here
0.9075	1	they got a skin and they put me in
0.9076	1	where dead
0.9085	1	has the light gone out for you
0.91	1	yeah you will be the death of me
0.9105	1	so long
0.9108	1	i try to hold on to the past
0.9112	1	but it was just the sex though the sex though
0.9119	1	light the way
0.9126	1	my eyes are in the light
0.9126	1	took too long here right now
0.913	1	i knew you when
0.9139	1	hold my hand
0.916	1	i thought that i would go right out of my mind
0.916	1	just looking out on the day
0.9173	1	now that i know what they all do
0.9179	1	he said
0.9181	1	The life the death the good the bad
0.9199	1	you know that you are
0.9211	1	With one hand on the door
0.9269	1	you know the rules and so do i
0.9273	1	and he said
0.9297	1	is this what you want
0.9341	1	the time has come
0.936	1	i cant help that i need
0.9371	1	They think that were no one
0.9388	1	with words that i
0.941	1	spend the rest of my days here
0.9475	1	oh oh oh its this time of the year
0.9483	1	where i told you to run
0.9505	1	i love the pain that you cause
0.9543	1	i know that you
0.9555	1	its on my mind
0.9591	1	my eyes in the light
0.9626	1	on the floor in the yard
0.9653	1	you say say when the when is now
0.9673	1	when you see them fall off the wall
0.9678	1	you will be the death of me
0.9747	1	and help with all of my heart
0.9758	1	tell the rest of the world that hes with me
0.9794	1	he spoke the truth when the cost was high
0.9855	1	the colors in the dark
0.9864	1	in the end i hope its you and me
0.9963	1	they push us
0.9989	1	of
1	1	there could be
1.0011	1	are you here with me
1.0017	1	three
1.0045	1	no
1.015	1	an earth
1.0262	1	thrown on the heart of me
1.0344	1	the rise and fall
1.0418	1	when the sun comes up
1.0451	1	you killed the sound
1.0523	1	not here to hold you
1.0593	1	the life the death the good the bad
1.0768	1	just thought that he
1.0776	1	then come with me
1.1011	1	you
1.1142	1	with you
1.1168	1	they think that were no one
1.1189	1	with one hand on the door
1.178	1	they think we
1.22	1	hi
1.2636	1	with
1.2638	1	that
